0,1,2,3,4,5,6,7,8,9,10,11,12,13,14,15,16,17,18,19,20,21,22,23,24,25,26,27,28,29,30,31,32,33,34,35,36,Target
-1.1337742971330147,-1.7775305743871166,0.27899745491183675,0.1372958983521897,-0.8444007116042758,-0.7541086330468525,-1.1808735431940032,-0.2894800050231836,-0.30027549300692113,-1.1753350979104573,-0.953578997309615,-0.9891157111577117,-1.278388514176742,-1.1351054286008928,-1.7288880091269252,-1.9017541991644242,-1.311198620275731,-1.1363852583758118,0.0,-0.8718272155702801,2.1300854837931738,0.5405152015543337,0.9966593279855905,1.7603972543629745,0.7682433154024754,-0.6055830162570631,0.9600651010753698,1.2317986674047952,-0.5568390855884375,-0.5910062313198094,-0.9224118897681314,0.7822716745808248,-0.572847990372402,1.9554976281715135,2.2412334724023943,1.0007206927701262,-0.3742272469405174,1.0
-0.6119719622561762,-0.9002502388219749,-1.477204250472876,-1.6584411382134523,-1.8222786899369394,-0.38221037166315164,-0.8233828052196867,-0.47745993183515517,-0.44209578608716094,-0.9056117787935007,-0.6717386010050287,-0.6064207256535324,-0.5284043860676788,-0.706741248806577,-0.7417096145165115,-0.7951303893590751,-0.22679336239103215,-0.9165620192297226,0.0,-0.8741952187667846,-0.20458482216479357,-0.06480143657711931,-0.11383720039723245,-0.5821835529608411,-0.5403134238913413,-1.2629486633468603,-0.5508455832755584,-0.8293284991135512,-1.2097231406504658,-0.9833398431861569,-0.8395009672745127,-0.33304381866851634,-0.8625761786769244,0.08587904021374375,-0.023767769303204355,-0.05782945764089272,-0.6393150819570644,1.0
-0.5932412682219428,-0.9299525960116053,-1.10252053605524,-1.262294552770679,-1.624691533731036,-0.6080128919588693,-0.7710858701665679,-0.27627375434173845,-0.30163647200537325,-0.849114715759638,-0.8225406280413992,-0.7968593538056403,-0.3811642623212451,-0.6763167214799582,-0.6499739614962231,-0.7445465495321739,-0.2888322211885113,-0.8538615156186279,0.0,-0.4705353058433919,-0.11504127578992804,0.07743212739848014,0.03814681352377351,-0.07011013729694186,-0.43491419240306084,-1.3923408407750535,-0.20698923715123532,-0.2972429866205712,-1.269871653105719,-0.7358277187238395,-0.5842740560660371,-0.2136139193032936,-0.9074344654793302,0.11982932381384079,0.12262911255282964,-0.05782945764089272,-1.0655811528011985,1.0
-0.645968379353561,-0.5106720003258471,-0.8311048812033591,-0.9795882617267323,-1.3016251777506946,-0.6496973186673015,-0.7433270834164987,-0.21507528012015123,-0.24161729817363584,-0.8649915573353585,-0.8824648745610194,-0.7847450887753404,-0.2954862957054615,-0.6532506942650309,-0.18449486544599772,-0.31851275293181563,-0.12056243979260946,-0.784762893149007,0.0,-0.6105959509869103,-0.31374266917414984,-0.35193069005727157,-0.31278725469853624,-0.2120847316802031,-0.26743926217096964,-1.309878967632196,0.20608936633354014,0.14807715949123287,-1.3880425044280462,-0.5342651398094787,-0.37961888651920594,-0.21098854914440957,-0.8444309924456436,-0.5840508134000344,-0.2620400138704353,-0.03947972588945475,-0.7908229978185326,1.0
-0.7987806942849998,-0.17174688882274783,1.022445431978584,1.2272850239787534,0.7546276945710835,-0.6542039955195188,-0.788520774748813,1.5972964471623952,2.0129061802706527,-0.7153471805400013,0.2266424565233541,0.7045582036816723,0.0064833667326301804,-0.8054039204176721,-0.2515963974740177,-0.2303593621655169,0.2219260546647053,-0.7961279103116137,0.0,-0.6305153643159319,0.8679478777474672,0.04878258599163045,0.15842279003067242,-0.5079225697336739,0.11453446196754806,-0.3613173155228257,-0.26284733908763847,0.1816648532554666,-0.6466991002199433,-0.2979683257203738,-0.32478799457601865,-0.03271951201425105,-0.09426988605008323,1.1148079322919067,1.0745861561682262,-0.2527953574999095,-0.7780193349182674,1.0
-0.7323456818829804,-1.0213138643314938,-0.42031837184105475,-0.051031028673158084,-0.6846925381357111,-1.4806641643284353,-0.8061890401395532,2.654741536910822,2.938876508354427,-0.6914543638452451,1.0340811765567428,1.177866525131729,-0.1589114749840598,-0.7854715982959072,-0.8207503830990661,-0.8343369577685992,0.3001120136971441,-0.9189181288905632,0.0,-0.7955297602928514,-0.552525459507124,-0.3856509467573716,-0.4526125475058629,-1.2319240813822974,-0.29298065463442835,-1.0116130155506171,-0.5852147953508406,0.14728365045046155,-0.9476888387583443,-0.8134006834306132,-0.834656322262612,-0.3146696702132291,-0.870914802897821,-0.5702690151069271,-0.6112418544832173,-0.5498316402262953,-0.7092543666629231,1.0
-0.688030343179313,-1.1277915108639616,-0.27889622216332055,-0.12499237341714493,-0.7083770412605567,-0.9192114758165844,-0.7454006238448714,2.523378237082307,2.5336450115653153,-0.6616420734284639,0.9375623457981874,1.2954458272918346,-0.3840718576580472,-0.8038912686760393,-0.9696130160891544,-0.927237699198264,0.1743346013406119,-0.8642149740032813,0.0,-0.6229917055251135,0.10526427481489406,0.17681814714613686,0.18405146688794066,-0.43986436004752366,-0.29298065463442835,-1.347880022929186,-0.5117769990311243,-0.1894352685043699,-1.1487323979686785,-0.664909781469096,-0.9533987073257031,-0.4799894976454698,-0.8979036929826454,0.13798096059012813,0.27921340629059765,-0.6048808354806061,-0.8635761066500123,1.0
-0.739610993623733,0.3997582874598632,-1.1081469456570057,-1.2975788640246915,-1.1321836468335633,0.19842583298797106,-0.8841813338160699,0.1812593970246225,0.17373778855011565,-0.9219260673483364,-0.7874615957202897,-0.8857972879562477,1.1120903739565005,-0.3663232951217682,0.6716541862178101,0.7239399720445843,0.01541314113337132,-0.81351966790705,0.0,-1.1805464002743362,0.6004542995292255,-0.8603966660876913,-0.4644136591750222,0.8177479753935273,0.10562312858802289,-0.9407525539636098,0.7665703469186459,1.8249035889176344,-0.6236201610776438,0.08920306514121501,0.4058581302109205,3.0764905997848637,-0.17038137812152182,0.5974862841676687,0.8664988356950221,-0.0578294576408917,-1.162920557986977,1.0
2.3100744636967026,0.6083377868316842,-0.526692678374452,-0.7303157061717273,-0.21432803943372725,0.013797292276027611,2.156205076085614,-0.3607157571450672,-0.4297852075927007,1.8232828413557796,0.44460525992632494,-0.11613138522684298,0.5496111240220559,2.7517832461009233,0.7107967465674883,0.7408012519868844,0.5108741641324149,2.284426987404335,0.0,0.046439577506881304,-1.041745914463127,-1.263011460371563,-1.2379228876718182,-1.2684515255682816,-0.5689827829270143,0.42855324059276007,-0.8356376429029114,-0.9852171202386631,-0.04755986148860009,0.35487445770889225,0.03132680496853178,-1.1751927485567777,-0.43018792744568457,-1.0223792274052346,-1.0242093472446323,-0.5647407972743366,0.014828154804130706,1.0
2.63040767627525,-0.9327371919981332,-1.7100555561793156,-1.9195573786649085,-1.7407618213051939,-0.420876137337153,1.1949286391861222,-0.38081157836494045,-0.3832690392394519,1.0460556375192824,0.3402996279348042,0.0368568067501988,-0.567142513586927,1.123537533787462,-0.9919801934318275,-0.8447320187039008,0.48197935318564405,0.9974960769305009,0.0,0.9631006614935439,-1.0289539792667173,-0.7637995397513215,-0.9287099213101764,-1.3039451741640962,-0.7520301189944835,0.7799648982194315,-0.8969695027987062,-1.1238298646684295,0.1267749293966037,0.15898935879883275,-0.35024719441427543,-1.0963097737356382,0.4683808075820089,-0.9685965999199349,-1.0874090320665035,-0.47069842204822354,2.129434381871,1.0
-1.3387768601208052,0.4219024555432036,1.0744311123615722,0.7563134917682939,0.9159580942810762,-0.8270075259222115,-1.3190749219936233,0.24985738653897904,0.0912635081508405,-1.3078232401112215,-0.9965985379547474,-1.0687412423856337,-1.2306149559872168,-1.1837813839501312,-0.05663924360882586,-0.1280457702826259,-3.4808589834259163,-1.212111315995605,0.0,-0.29642568539968345,1.5914028794110546,1.2504153426090165,1.1729607841339602,3.6553445711434494,3.479815407129133,0.45733641309637185,4.116780558293453,3.6048072017941006,0.43809343155551106,-0.2602147691184053,-0.4843163249453268,2.4224746076027364,-0.15154984478943237,1.5840613571011568,1.2473948466065337,4.221098615147307,0.25094039768073056,1.0
-1.258441797000777,1.7303973695935084,0.6976374943432735,0.6146210740227244,1.7715202140100856,1.1557349964470849,-1.1823083491605462,1.5405466986542444,1.0974719234487413,-1.176180085296535,-0.7880026446808116,-0.8795150905517537,-0.7038336672050252,-1.1207333443288598,1.0840868008675066,0.8769192546278829,-0.6636149161157464,-1.1298167962656183,0.0,-0.5195100384834098,0.7158659815234925,1.1175626019259253,1.074856593187303,1.6390985717831004,1.288326960567618,-0.08804650473768076,0.9288515426771153,1.147715433392199,-0.04733786058649698,-0.2810851663521972,-0.12069063308867717,2.740532728527195,0.2412434502684384,1.1964902977852057,1.134578692805105,0.6704255212442607,-0.14931484766172393,1.0
-0.3350286228214918,-1.512596156240328,0.8281584754175856,0.6928387430263737,-0.4672331104723178,-0.3829840072090034,-0.37815786732843715,-1.0583912075844064,-0.7821960625449647,-0.4246476958497589,-0.11752923934681045,-0.2975770554529055,-1.2094784804585146,-0.8788009871738646,-1.4885919822698284,-1.611019896470001,-0.13585969264678252,-0.14933727797025467,0.0,-1.287960129480355,-0.597723630534435,0.477258028271065,0.17773370003475403,0.10149993067117563,-0.005583509562653809,-0.5945184808276052,-0.19809643328436752,-0.655045548504857,-0.42901233935919136,-0.5771135003508453,-0.8048137477969173,-1.279364792500836,-0.9032318822502236,-0.8230473642878395,-0.8408359333734151,-0.48216700439287086,-0.08275707467109487,1.0
-0.37815872976297976,-1.0658674001159385,-1.440280937461283,-1.5696135014900645,-1.286132917145059,-0.6976847538420915,-0.7497362083769236,-0.07448448955753274,-0.12780176525385267,-0.6936076370402409,-0.9892636355694905,-0.7189810506636157,-0.8249791104214819,-0.778760831260638,-1.3809877237023735,-1.157484206371522,-0.05852358099513066,-0.8415078835574197,0.0,-1.0564120840227431,0.09616778756411522,0.29483904559647794,0.8551651911038376,0.18196368743935884,-0.6094931256568739,-0.11867805478058974,-0.4795566127783494,-0.5916438170933608,-0.3048016902982164,-0.6037143481402935,-1.180742006629906,-0.35528613642687673,-0.30318765810077125,0.4378191088206813,0.061693297038011276,-0.02342371060694819,0.12408287430381094,1.0
1.7261111234105622,-1.0130926761807921,-0.34342410728357975,-0.3797549704085268,-0.89136416129361,0.18490547482786984,1.3802103795967822,-0.846406450180459,-0.7634009425763412,1.29047242079345,1.4425639193253044,0.38967990315230855,-0.6691965166545214,0.42809398372684476,-0.8818067320614983,-0.9483552245628927,0.5083246219900527,1.0206133476683745,0.0,-0.2754359607782457,-0.43142847298111664,-0.7523904303415136,-0.5793254940141206,-0.7601686937350024,-0.718616075491449,0.518578814343582,-0.8047935915905381,-0.8256930787344516,0.833630379029605,0.4783777059449482,1.235142773714607,0.506401937014713,2.6209596511190747,-0.16858001607608397,-0.2322324013275828,-0.34454401625709424,3.6437792871186616,1.0
1.7152998091520169,-0.665681176909228,0.2723747019430908,0.3680626962564893,-0.30273936959154135,-0.06563167920658174,1.7123191106555522,-1.0313458473437347,-1.0575315360941209,1.7321144302668987,2.336327615838324,1.938319955298225,0.027863656623991363,1.2102263203406127,-0.5124460467541115,-0.5400830675134045,0.7462818886105197,1.499865392605781,0.0,-0.0709968178514374,-0.44052496023189547,-1.2718852121347475,-1.104176955421332,-0.8756092013039168,-0.567810451037814,-0.7337871665943245,-0.417848297800187,-0.29034376661223543,-0.2302643152499791,1.536031073836953,1.04127443561599,0.22446348384922646,0.7200146874217171,-0.4216945066787811,-0.2567576521539807,-0.6301117166388311,1.5952811582111743,1.0
-0.43214861480674,0.6444049348476641,0.290894966882239,-0.02555476897402016,0.862343517001888,0.669675614425058,-0.29569801061817497,-0.3064208886386331,-0.3382174936699218,-0.4192994883449564,-0.7345802081129176,-0.7504679341618655,0.046220503002257336,-0.3697198788985435,0.4396702860758962,0.45366838772673945,-0.2871325264269364,0.33487445767764246,0.0,-0.1473545689460165,-0.5889114085102414,-0.5384062449664582,-0.6241458777272966,-0.22431797949720708,-0.05602735629523939,0.741398937118768,-0.6021900140398156,-0.7966779359359297,0.2629690498329334,-0.5907799026003844,-0.5383910782354059,-0.4675642603291202,-0.6245521906528056,-0.7480878272302018,-0.7944266125788476,0.2976965950431984,-0.8974640700295461,1.0
0.20247727686826258,0.9882362392794066,-0.7577857310803395,-0.6223654532092776,-0.08746994735407514,0.09188218870644825,0.1532018414272982,0.15283306045588885,0.1259245025206497,0.04706511847772363,-0.5668365855002055,-0.9825941214679356,0.7901633183697632,0.5845299338006582,1.2483646506748434,1.2988605075529256,0.48367904794721867,0.13135433885317505,0.0,-1.1425939367312115,-0.22306206189293948,-0.6865978994116233,-0.587192901793563,-0.0637350644908963,-0.2988677340942092,-0.29009174942148486,-0.6727260743722893,-0.718704003429544,-0.6451908672871008,-0.21005647249007603,-0.24028636313912433,0.04465695614346239,-0.13466342924262784,-0.33295317132803376,-0.055273283826346,-0.4512018320623214,0.1237534765690004,1.0
0.41106527255710185,0.3842441098206372,-1.166227903108575,0.1918878834217717,0.09397605774962182,-0.16021239212663962,0.1660665042200599,1.2030538619664162,1.7916895131414834,0.6260553415722807,2.148097912129488,2.667667877454742,1.464930473238252,0.7847834587815499,0.6736188707141257,0.7017583853243735,0.6128558498269008,-0.0706788018507471,0.0,0.5250115948244659,-0.7097241298096625,-0.04160291411050997,0.3023009898758933,-0.3049540355304181,-0.28105623407368946,-0.1907013886199428,0.31348517966373807,1.38008970875492,0.15815029400407785,3.415951125914223,2.5347227160821,0.15395718181932816,2.1940374839122625,-0.22908547199704732,-0.09432502937299439,-0.4787264296894768,0.6606715972854551,1.0
-0.39120209480820095,0.642150738096665,-0.10412587390844864,-0.0253697113975131,0.2690953805117502,0.5760033868207275,-0.26709264271284283,1.2703219121589835,1.1462682550778585,-0.28175206653984797,0.565179250435356,0.26813883937667965,-0.23697981599469972,-0.4621665689530532,0.5023890603813648,0.4753588692059124,0.4114420205802913,-0.4658261922114547,0.0,0.41310352679779677,0.030786785449135923,-0.09674694292457957,-0.3160057396992165,0.14147336015772488,-0.26964972433664164,-0.6867677423094269,0.1455382085884271,0.24806288916707006,-0.33611526084015886,0.4977890052641493,0.2639036582040294,-0.720983743659562,0.08309483980679452,-0.378332263268758,-0.22166767789467362,-0.5395099161161115,-0.8813112974907317,1.0
0.9779204882969779,0.1567028377786506,0.7969201804411112,0.6611322115848316,0.6441540875298518,0.106807105705591,1.3283213073789555,-0.25948045273609416,-0.2986454589295443,1.280269717669891,-0.46838104539432773,-0.7538816406138514,-0.07592540312578717,0.6528147271024448,0.13589983703013128,0.08132876414652225,0.6162552393500499,1.500275303874082,0.0,1.2333130970100556,-0.44564173431045934,-0.4014969320487691,-0.5091148397400259,0.06307719456988051,-0.16494180179171433,-0.23539075614210553,-0.38738259647831397,-0.512779431002761,-0.21513392387059413,0.36619570918481414,0.2884819099664646,-0.694836764434892,0.05772140283273896,-0.7211965134875495,-0.7433008973945882,-0.5601533643364779,0.1665625378702792,1.0
-1.2051231168070937,1.5145248807331622,0.9677637636614157,0.7964093000114898,2.2064390693368723,1.643041237197679,-1.1530290093113014,-0.09130245904954218,-0.14697377171435516,-1.1422275087552891,-1.0004227703802544,-0.9728822122322096,-0.41078407198132,-1.0811341979965545,0.9586492522565695,0.7264773491232799,-0.3976126859292959,-1.1072113159152637,0.0,-1.24338989731495,2.1471413973883857,2.4568652787549894,2.2776163582562887,0.8659917696014331,0.9005511245573334,-0.969485848015854,0.719389660958025,0.8773855740023561,-0.9792976476133914,-1.0029437626921023,-1.3293935290945789,0.0662327755242191,-0.9726557992999304,2.2113012501484777,2.189919101442547,0.7438244482500085,-0.9266034559696179,1.0
-0.3564508048809295,0.8068397007284521,0.19002985308390433,0.35695924166606635,0.9452392779388468,1.1799795354254567,-0.17159854768897917,0.11148075143182423,0.06722129068972328,-0.20024956094893706,-0.7939111452610564,-0.6507158708682073,0.970171510793114,0.032062180474886647,0.7908954221865208,0.8248620990778678,0.3511028565443874,-0.07540099026238527,0.0,0.08622270923341993,-0.3259660739173871,0.1531125531502021,-0.05447403260691086,0.30360696854928976,-0.2432243527760285,0.9687857411618187,-0.5321782116240618,-0.6992468745067386,0.1651765081221722,-0.5671694832101484,-0.18632664013065195,1.3869495735357735,-0.8090209016285536,-0.19916888545834918,-0.1990289848241527,-0.4294115256074899,-0.44876263697608426,1.0
-1.1329178053156022,-1.860272855129657,-0.9718237296808725,-1.2004236363584866,-1.5642636062378517,-1.0420530231538516,-1.2261187294780589,0.5747479104529223,0.39915464624989255,-1.208371215427091,-0.8594918127315873,-0.896720529039535,-1.2677072153784144,-1.133325787708958,-2.1145706887113978,-1.9118218566057008,-0.8267856132269235,-1.1688260902707532,0.0,0.3852357202872557,0.08422864804746823,0.7385266337556563,0.861840567401546,0.12510492998004322,-0.05901033092311058,-0.12385118327127843,-0.3999287832250717,-0.4992107854594354,-0.2509790592183415,-0.9872307709584005,-1.1637698684317554,-0.9409426674276263,-0.6667972114701687,0.26941225650733386,-0.37334692146716203,0.3550395067664386,0.06823063790567557,1.0
1.3503403138484515,-0.22478681237565826,0.2561987743380124,0.10065449820379285,-0.36843953236936594,0.5405435894533741,1.467116537578238,-1.4161083086245607,-1.126816883091473,1.1784946112878636,2.685777613215398,2.108967415710057,-0.6377834838639139,0.41729339792805076,-0.14686360086271613,-0.1859961887250952,0.425889426053677,1.7083453983038617,0.0,1.0891625066789952,-0.6105155657308436,-0.22769816537270293,-0.43282482490908736,0.23761635004347723,-0.4587940494544811,0.7527976725465825,-0.7543321880161298,-0.7927265481559802,0.835818346683318,0.49650808102229643,0.3031477902725039,-0.9173563364119506,-0.08792432209388784,-0.7739707167075023,-0.7966904818858997,-0.41106179385605296,-0.3244611839138039,1.0
1.9848246910997724,-0.7546556486692354,-0.46058236555369597,-0.6838662544684561,-1.0520456705070313,0.20621829053720617,1.5152588723707818,-0.9981284118111519,-0.8476287920697757,1.252954879473389,2.1382299168836063,0.9638935357059987,-0.7553844091341567,0.5197543319444818,-0.6227706377010801,-0.6189054586999838,0.12674314801651848,1.1314209210862325,0.0,1.7823731039452482,-0.5880586128304807,-0.17052585044133536,-0.2580730096869734,-0.19623319929760613,-0.4305136693266059,-0.25702391732604085,-0.5618872129649342,-0.7125587965368736,-0.09441349517772639,0.11879915683454352,0.7104803607641546,-0.8772046288810326,-0.5556497081952795,-0.6885907955745891,-0.7704673290792133,-0.49134187026858983,1.1587955084506796,1.0
-0.9784958704352381,-0.984848916888868,1.6218924883001202,1.3917395236346917,0.4637625294830833,0.3467243796699869,-0.9574734815197075,-1.8440548821462555,-1.7495370114609172,-0.9128319349586422,-0.2635571241349396,-0.6071191969618123,-0.9262086040837415,-1.0423902199201038,-1.1476436573707018,-1.201438125444412,-0.5990265151759054,-0.8310939989243484,0.0,0.2860754956266575,-0.7020489686918167,0.9484542468961122,0.7484783734886982,0.10115533214111998,0.9760337601443022,0.15892211933810302,0.6959913353351639,0.7496072799369682,0.06095967226499761,-0.6147514848407667,-0.9102358978927609,-0.910579122020682,-0.5866660070651897,-0.4798469726472632,-0.6123737891367435,0.6337260577413879,-0.8537678891631558,1.0
-0.9089541317949642,-0.4434438972225323,1.246329647382208,1.3132751111956984,0.597677305712946,1.3713415555363215,-0.8172822351060497,-2.7210620386846585,-2.2312094640584736,-0.8149685068359797,0.2546509626558252,0.3303877175841008,-0.9570222800961616,-1.0007657988538956,-0.6259443588105136,-0.7255571468787094,0.08170123683478732,-0.8039797524370772,0.0,0.18216328254922584,1.7687843808012624,1.8871704155586044,1.4746639521606797,-0.323217757623412,-0.08415491521490295,0.6876020806091359,2.1821955758156073,1.6952869390654821,0.43972067528123254,-0.14089619443937837,0.00894719875483363,1.1458258836219,0.9714673799646335,2.3770189710875607,2.6347694202782788,-0.24362049162419105,0.4665607016052609,1.0
0.5441229493640501,-0.9177534135944361,-0.7402032010748194,-0.8800889714247716,-1.1958560268096035,-0.37353956831553753,0.13352045012860678,-0.016947495227625727,-0.07600813910737532,-0.0024540823145398796,-0.9290873094205361,-0.6236969836419562,-0.5200945818405445,-0.07610197827671186,-0.7974764282965549,-0.7240019802820893,0.25931933941934976,-0.038538989873754474,0.0,0.5188512510961615,-0.6835717289636687,-0.12222728727315049,-0.2145638606037036,-0.9307449661129504,-0.8081204207918511,1.2563328571670784,-0.772642053666586,-1.0104191109951075,0.2248100700313116,-0.970337980580887,-1.1042612873259021,-0.8489521206907525,0.332771736498419,-0.20992541095540937,-0.6712343911200975,-0.45349554853125074,2.1134744454389316,1.0
0.7338647132152121,0.3346517812986655,-0.6446128462781411,-0.3368832985177249,-0.21724804666829736,-0.7416354183624542,0.5698081876340675,-0.5545509045016735,-0.7882670757849829,0.8017265463973594,0.47843311652622755,0.04290701220605141,1.2799005774408463,1.2780528444026755,0.5240005898408396,0.5258608581593072,0.787074562888314,0.3575440905750782,0.0,0.1425327065046407,-0.27849378107737927,-0.3420427952354399,-0.22076242430871804,-0.39765104011560654,-0.6714542210414229,-0.37151580579525234,-0.401245744377314,-0.38013057126404104,-0.6777174324487798,1.3880024603236225,1.0158320567362604,0.009709857327731683,-0.5014843270192192,-0.08219167067782258,-0.2378920745952132,-0.3651874644774606,-0.20100608565184375,1.0
-1.3623235071109527,-2.2848574431707065,0.7320992531540929,0.5798919354982333,-1.1762270892883275,-4.630024069128878,-1.358181526281236,1.402164109229691,0.5860306725273499,-1.3416744384417805,-0.9923808153761335,-1.0502490574568975,-1.5310502359899254,-1.1946231241237866,-2.0974930465511137,-2.017082079934819,-3.4808589834259163,-1.2350152925652862,0.0,-1.167229039910836,3.712590000202281,2.288263995254502,2.021567995979959,3.064874989891704,4.850666110990903,-1.2827210564367206,3.0307436489174555,1.42515994510914,-1.2326029655816009,-1.3308844461296843,-1.4398971194176278,-0.29288316022963456,-0.9981443222759967,3.5635981899820095,3.294875979059546,2.6395811098203366,-1.0842329663966195,1.0
-0.5818627331364202,0.8976705698128118,-0.31013451713979406,-0.44871976058682295,-0.01625421535539573,0.9411325009799493,-0.5931199911022301,0.13467536954922116,0.10153994649607571,-0.6504990874007818,-0.8010370060024753,-0.7666518680419605,0.560102897142849,-0.34442330215509886,0.8592059908276575,1.0307170459462445,0.11229574254313271,-0.5217892331772458,0.0,-1.2943892617911448,0.1808788250870031,-0.5618583031977293,-0.6459600538430185,0.6552697684719068,-0.2458969422603252,-0.4450081822080261,-0.6094531969125421,-0.4533416542564755,-0.8399039677838703,-0.7331262206047444,-0.8503513213487186,0.7049977975990039,-0.35392972176666715,-0.048577528499506695,0.12696819539134604,-0.03489229295159603,-0.3005816148580826,1.0
-0.463013879888632,0.8936925755463434,0.23785433469891953,-0.0026693153459811272,1.0213216886618097,0.3100396730051786,-0.2750886211710346,0.9008697021431942,0.7678218718852058,-0.35100352226026554,0.01574095688355805,0.41619289992378844,-0.026377768261644008,-0.42504809882691635,0.6784550171665962,0.645690536972549,0.2882141503661205,-0.19463549362922575,0.0,-0.463307072341432,0.07086818239788414,-0.4608243009797682,-0.3336478056288702,-0.5329059631627677,-0.15663575582816142,0.16057083932999497,1.3123525251182202,1.3594189777697583,0.20648240792782732,2.1299898661783527,1.8878899947810763,-0.8425171063962489,-0.5279994043057977,-0.26034662422287963,-0.2556257175004553,-0.349131449194953,-1.0606282238601878,1.0
1.1907232875470384,-0.5402417577065947,-0.9369517118365908,-0.7976149781614608,-0.5693522523701964,-0.4139735736078897,0.6838570598311655,-0.7441729469904691,-0.920587735456027,1.072151909623325,1.167769456074787,0.7326321551817707,0.022332269746286094,0.628533531223486,-0.3939604586685997,-0.3821927325197272,0.7318344831371338,0.3454460422486307,0.0,0.3492408125106243,-0.8990447707165172,-0.46703592721399756,-0.5941066843876158,-0.9488363889409142,-0.6812329465199699,0.21041335521391238,-0.26242919602635084,-0.2228057346805195,-0.11635267711129327,1.7665637288377214,1.0658077513892161,-0.5754220127600692,-0.134929598191895,-0.7198519478004202,-0.6976461997023712,-0.5521253566952236,-0.2510816683304562,1.0
0.6628062501216682,0.38185731326075617,-0.15581851212467843,-0.25076983958310783,0.12106723598146538,0.7522050249531647,0.8259118219455506,-0.5284518554189748,-0.5627308706961109,0.7124670870157187,0.14035436974557644,-0.5287044554637674,0.025319359229163813,0.5319576383990341,0.4098977594778781,0.5145654376154362,0.685942724574615,0.6754016717532578,0.0,0.08003815031750446,-0.12470629349388333,-0.5267435997919903,-0.7415609786780353,-0.7243304466091308,-0.27087658504118567,-0.487055572968988,0.303101083096417,0.14368234018849943,-0.5445237571944753,1.8214267735272907,2.3772072589239044,-0.47970926537306896,-0.6880318816258457,-0.14336940944235063,-0.15356294290752365,-0.6564894560315213,-0.06800795127725012,1.0
-0.11518111924732251,2.1714243339359602,-1.447841425363657,-1.204926704053492,0.14896952733402324,0.4459993633674975,-0.10070508980688414,-0.22788046499397013,-0.3357028232435511,-0.1552847762717955,-0.6792548777577334,-0.9398473676196755,2.156282336692001,0.909051470099024,2.5367442915281466,2.649072516913061,0.40039400463005537,-0.2504530031760273,0.0,-1.3532709119866806,-0.471794135156451,-1.3544111035323543,-1.1844006741419892,-0.9698568992743594,-0.32747373129889135,-0.5476269868646592,-0.8322179653593911,-0.8103596834466053,-0.8430371557733395,-0.6686658751106185,-0.8465020591696274,-0.009472626969813257,-0.24683600365767974,-0.4233752137876976,-0.43333945810404306,-0.24017991692079751,-1.1490503918540345,1.0
0.5982400035337492,-0.6769521606642216,0.07146499241334646,0.09294376584933216,-0.4510919593701116,-1.1603142238132091,0.4883061473977841,0.3651095794123619,0.3099675986674829,0.5381938877160162,-0.0870552714737795,0.047806723465562834,-0.5050401355672435,-0.11999870356561994,-0.5434276099652464,-0.5837095830922693,0.4853787427087932,0.21075649979574487,0.0,0.8252920287978761,-0.7648715837675141,-0.12298789456713768,-0.17689566578092994,-0.5601292470372271,-0.35962771500732194,-0.919984719227032,-0.39769847635285704,-0.5162048048710682,-0.3881229773286175,0.05140616899722918,0.2617862025116379,-0.5144270832386515,-0.80171969493884,-0.7309446147192615,-0.5429484637204801,-0.5727688049155909,0.030678835254285806,1.0
-1.3466439842416331,-0.961643950334469,2.759306354357225,2.91556529445263,0.42572132412160185,-2.0299787764846644,-1.3435325608177418,-0.46917279794162653,-0.4963130017578049,-1.322703533875887,-0.9945911233455385,-1.0604736551310527,-1.3062160701470902,-1.1901060710999645,-1.6001256098299148,-1.5041226556707568,-3.4808589834259163,-1.241047407867675,0.0,-0.5030937879157341,0.4165346979275188,2.8031951332838108,3.107151066394554,0.7441761892264731,2.6310075464343328,-0.7322895193758832,2.2655361620369336,2.4654018252886707,-0.6482439518582865,-1.1618939407938587,-1.2365920992563095,0.20796627194078432,-0.7389552207770399,0.6916058822669443,0.6138887521831292,3.652256930852762,-0.7600903127307669,1.0
-1.343613249310342,-1.1097579368559725,2.4917002476732066,2.546930602050573,0.5606094360963217,-0.55435783520791,-1.3375187231379289,-0.9127184071221843,-0.851462565217723,-1.3210672895553959,-0.9777509744492946,-1.056431651493234,-1.378944731199372,-1.190065593518223,-1.5053673652768327,-1.3228229708542738,-3.4808589834259163,-1.2413538675091131,0.0,-0.49343047514758553,0.4165346979275188,2.8031951332838108,3.107151066394554,0.7441761892264731,2.6310075464343328,-0.7112245700601212,2.2655361620369336,2.4654018252886707,-0.6080846752686466,-1.1618939407938587,-1.2365920992563095,0.285754481864827,-0.7178152490439157,0.6916058822669443,0.6138887521831292,3.6717535208386645,-0.7322258559975595,1.0
-0.30892832285480604,-0.13793393755776792,0.11940669089506484,0.37552668517560694,0.023003659687156605,-0.10721995430260356,-0.19904489024545222,1.2479991762320783,1.1960790395142833,-0.18752760928980194,0.584048332933557,1.4171908305772114,0.06278921581422138,-0.3513176063076542,0.04854694173239474,0.1761120756668323,0.5278711117481621,-0.30131287491946657,0.0,-0.09376393724354053,0.01685778934637942,0.5491354175528528,0.8827011183318799,0.5818702815698816,-0.4991078575861941,-0.9171228173056223,0.12841834524532053,0.30406272515978766,-0.7787942143092031,0.20958105084733814,0.7045988760477444,1.0710169489869983,-0.1309707359283831,0.18436847679620305,0.2609137960585938,-0.4018869279803345,-0.512697792158776,1.0
0.3923062756381321,1.3515597156168444,-0.5521873468824565,-0.2534223315130427,0.3270088573307217,-0.6816447566019184,0.3970776286634241,0.9894499555384675,1.8980772414504836,0.6355519454584031,2.580555886961175,3.6345468141777775,3.579421439609504,2.2849145276944167,1.6414526795146605,1.722684330568613,0.836365710973982,0.43629131249257946,0.0,-0.15760970089938323,-0.7620289315016459,-0.9763892784207326,-0.7677856712761697,-0.5237741021162708,-0.22548088203226765,0.31519978824698225,-0.4102175027497121,-0.025031684980211723,0.406699757595284,0.7504633507312257,2.3786273552878305,2.021371339654028,-0.7159988624278603,-0.8744770018206603,-0.640860811250482,-0.45922983970357467,-0.6201122326741515,1.0
0.6054901945552591,0.2723298711239957,-1.2251879870604188,-0.9460928403789556,-0.6614135915712225,-0.9056825590163665,0.277711500799871,-0.29744943355266473,-0.4227845410060475,0.3555128865129719,-0.3523352657878463,-0.20628555609929677,1.0959346429278083,1.035290593582352,0.535637567242095,0.5404303136434306,0.5236218748442253,0.2966427630978022,0.0,0.984523837973227,-0.6133582179967118,-0.6744281827078282,-0.8620753614812819,-0.7966961379209865,-0.5889634658213327,-0.5785861247769248,-0.9189940200253435,-0.9693271914606829,-0.4838694488694832,-0.4248857667664802,-0.3566403079127274,-0.3889085008639817,0.4420605467251671,-0.7931307777491414,-0.5699262396295162,-0.6736923295484941,-0.9094580751011031,1.0
0.5433731167739112,1.0012310205498696,-0.32519688451119005,-0.11635635318014892,0.24833088462147465,-2.178265447541638,0.37342132492669905,0.49074227405322507,0.9277704052248275,0.788731887351476,0.9064182150081463,0.5980991980805177,3.258909767599237,2.186213619183887,1.2565256478133855,1.2996790162879885,0.7360837200410707,0.5986216128617743,0.0,1.4414547421226265,-0.27593539403809936,-1.0761556018153828,-0.9240609985314177,-0.7484523437130831,-0.07061731498403423,1.2086939051432921,-0.6029574518335684,-0.3099193833103599,1.6553518418134292,1.3916140888250867,2.487853883812558,1.6303887944867121,0.09202432702651843,-0.19883274403656684,-0.08055315775509421,-0.5463910655228996,0.36873697521187043,1.0
-0.8486019133467667,-0.5828062963578051,0.0699411731462016,-0.18970083933577947,-0.5987956586521105,-0.8561598102757776,-0.8274756945109039,1.363626916409951,0.9641462331326863,-0.8871234345104785,-0.26850341832516517,-0.3720980151720096,-0.6964787621716058,-0.9060218358813553,-0.46408458222941273,-0.6001616086670382,-0.2896820685692986,-0.8108290024409548,0.0,-0.00047977000868951647,-0.6619675717430684,-0.559449713433436,-0.9266834677912301,-0.6290489530485188,-0.2593653839936849,-0.746584511047519,-0.3170884527507844,-0.39167235774168613,-0.6721399458670876,-0.8172193786328277,-0.7607073139339884,-0.9826222260948064,-0.511660479046508,-0.4169885267738187,-0.4122100112382227,0.11075870282543436,-1.1788026252353832,1.0
-0.5772098164279101,-0.5383853603822424,0.6663405909334472,0.5531202727635459,-0.28684155242554876,0.3272521220404652,-0.5477188679401424,0.12502342104628353,0.05463956330249459,-0.6343145629556256,-0.8503185735372842,-0.8930294820643773,-0.5027585566307883,-0.725616129474478,-0.5230251171188894,-0.4764030879254932,-0.21149610953685946,-0.35906265527710396,0.0,-0.9348857434768817,0.04414725109872001,1.3797185825868357,1.2544957374845236,1.7431673278601525,-0.016567740926666345,-0.1927468363518192,-0.016206728168481854,-0.19373314326366095,-0.39930999185931443,-0.9354737267800899,-1.0455759615424616,-0.3117516742170696,-0.894714475873644,-0.25597678573969956,-0.181106686143324,0.47201904668184885,-0.32900032010065117,1.0
-0.49287574955000696,0.6600517122957721,1.1140504133073446,0.8163338324154159,1.8814260418668167,1.2515240746904008,-0.25854696990575143,-0.3696064036377705,-0.43022072087220536,-0.29871061362360046,-0.679497734961604,-0.6625540861317261,0.13334584474110348,-0.45736477912205625,0.422592643915612,0.39228023259700484,0.17178505919824966,0.0063750190919683244,0.0,0.7121078203840919,-0.29952940784480714,0.637746167302357,0.5472634593721054,0.7583047289587893,-0.11363982257026004,0.6536430485180746,-0.34558976597506824,-0.3088063163300921,0.446337217631529,-0.053764452965396954,-0.35434931425689475,0.035041615396325644,0.3896236602919424,-0.7104399879904906,-0.8274413733066898,-0.3261942845056573,-0.5103055089647967,1.0
-0.399739873229841,1.1956223403712871,-0.14608951218829075,-0.4701247536028055,0.6727052693789809,1.357406328557936,-0.395555434181323,0.3773899337383433,0.47192305257636047,-0.4007604549565904,-0.3506660067789634,-0.43166237823782594,1.5957904404094503,0.20459204152072255,1.0772859699187207,1.1703546361480144,-0.1766523669245769,0.14892930479845798,0.0,-0.9020499490760148,-0.05335572162057954,-0.7361641414031208,-0.705442424781514,-0.4093673901375258,0.05486156932388315,-0.5102023367261249,-0.8759423388859255,-0.9699321972225381,-0.7294756840060094,-0.9484852203946968,-0.4331549825677958,0.5187411079083356,-0.6285102512026157,-0.38371052601728756,-0.05168882409017919,-0.327341142740122,-0.25723930528019523,1.0
-0.3109862915148154,-0.19879724983473232,-1.04643226533763,-0.6794865584911225,-0.5452621926849935,0.42137652430588485,-0.4751804756479439,1.3255180091345162,1.5077872002505324,-0.4454043775969071,0.8375543640726303,1.3804550431905234,0.4721605591649131,-0.2389372558398997,-0.021879440981698015,0.06193010712552626,0.475180574139345,-0.5475567541732991,0.0,0.10746185028725556,-0.5445660331626899,-0.030193804700702088,-0.11765170113878057,-0.6399038067452978,-0.5373601101285119,-1.0724877249286677,-0.6581965504466153,-0.5818075364725772,-0.6802601438120376,-0.9060750707781745,-0.3595091694046787,-0.8487861846277329,-0.41499785792224203,-0.2344637347455768,-0.2673223755868906,-0.5200133261302095,-0.17332119961117687,1.0
-0.9588397108412002,-1.532751327190434,1.0379766668167936,0.8183077798981584,-0.5257143664757888,0.44802100425398994,-0.9488010160066671,-1.34501843727894,-0.9195314063718439,-0.9824341592880375,-0.5612723888039294,-0.6456822651457559,-1.338790250662847,-1.0902089804578174,-1.5931736493044895,-1.6270626676772386,-0.8531308820313324,-0.6746540455678437,0.0,0.07512149862491495,4.031251319206161,1.4707379221006331,1.300031340086738,2.578991062512095,0.5599963643519809,1.303895625965433,1.6718646022350994,1.0795921436611808,0.7332974146246798,-0.31274229404369497,-0.29093733047065284,0.8385542953250564,0.23024930975037067,3.4550245107460595,3.4546674209823056,1.4009742165983436,1.1753192784220086,1.0
0.40929420985195464,0.7495565832913093,0.09344315492024675,-0.0774942621136673,0.3703222979768433,-0.1282717519635988,0.5625366648413594,-1.3126086623706226,-1.3741486433870944,0.46978539181746237,1.7518256606745224,0.896853369775894,0.38749686999220007,0.5719348903113984,0.7892329968434838,0.8561291327572791,0.1309923849204553,0.7903748187207233,0.0,-0.6784590142674598,-0.5383121981777792,-0.9217523211359901,-1.004165514103901,-0.4007524268861148,-0.38307437788512055,-0.11039276966004467,-0.43493594770503713,-0.4391859556445249,-0.5168285724898969,0.4716263683995461,0.5935873408370491,-0.48339428532857664,-0.28466245957445124,-0.7954837677016225,-0.78857828353563,-0.20233359518345742,-0.48928542484611415,1.0
-1.0483997696869125,0.6262387610307922,2.2381015565602533,2.124690898320306,2.4234118291278373,1.7234982692550613,-0.8781694408096611,-2.790685021408325,-2.84820824609981,-0.8294230121157589,0.0683303010179212,0.2708141471226967,-0.37141508085769626,-0.9854154043913788,0.02028571090077318,-0.07697082521468679,0.03325993612990625,-0.8413893762107316,0.0,-1.1453399390063272,1.1081519942133744,1.9608225551930285,1.9548142330028875,1.4697283942603496,1.400217178772957,-0.534727585637773,0.9261607731286488,1.819720646382099,-0.45943790629272363,-0.38202777521577674,-0.18087790330381032,1.3527660560224837,-0.5217789076872096,1.0452266579827985,0.9504506558315372,-0.19889302048006388,-1.0278925814583761,1.0
0.6158091161615419,0.3282869904723169,0.45136485739928695,0.3266097991189088,0.4220713150783892,1.152929850960826,0.8928316638385481,0.44088379731704486,0.34718409283361645,0.6957776990813404,0.12001584745686734,0.9201420570831327,0.11226268845672056,0.5580367332894076,0.35654901892406954,0.34464302421633075,0.4853787427087932,1.781055275770592,0.0,1.4596621416875313,-0.055345578206685016,0.35251843205717276,0.14197275558275105,0.5215655388100009,0.08546420447171306,0.396934327199868,-0.6445165770004448,-0.7897284483865499,-0.03415970394415598,0.4286431737274574,0.02127554045458085,-0.43884148520505667,-0.24608800477314013,-0.4253920623183965,-0.20167016568237933,-0.45693612323464533,2.5520082791597747,1.0
1.3145088617722003,0.39405649567792544,-2.6276291887340646,-2.5786707803242086,-1.5233835049538718,-0.015621292731501688,0.20576817856933516,-0.04296616102544505,-0.09279529159982099,0.4167889183986285,-0.9578182388809768,-0.0648530758370388,1.0547261378751747,1.812795882995539,0.5279299588334708,0.6057473107014684,0.19558078586029598,0.24235484630843168,0.0,0.7696818504486191,-1.0559591757924696,0.060318463283769226,0.16009163410509866,-0.49482782559152827,-0.9117835882985712,1.874783968964378,-1.004065920643934,-1.0897843772268276,1.6930118917525918,-0.7109700836244311,-0.2872422569287962,-0.4963125111143119,1.031007449803024,-1.0929689259796946,-1.0992943459285267,-0.19086501283880958,0.01644746378208887,1.0
0.1512998456036484,-0.4104265448108461,1.16527418405676,1.2271616522610822,0.8015100329483464,-0.28940408187655264,0.4779436310516646,0.8343004336281774,0.7625276635812271,0.5225654227564792,0.4918732645682825,0.8967019210260391,-0.4075989742138572,-0.29285109285818667,-0.3663037461435376,-0.43228546710559046,0.5831111914993423,0.13528876258643896,0.0,-0.5389020450262585,1.0771670845154049,-0.7714056126911935,-0.2995557052512968,0.6897296214775532,-0.46108586570176613,1.8901557314694282,0.21494174549357678,0.14119230163748145,2.4204035691646366,0.8087887432775319,0.7044859562218039,0.7659004639152569,1.4126127499695353,0.8506007747703658,0.844237454175677,-0.25967650690669863,1.2891836625619852,1.0
0.10262043470008178,-0.11512677043001582,0.8928035774045481,0.9867718603784154,0.6102495590840114,0.16444463283923264,0.4626144188314072,0.6609358041791628,0.5433440896943608,0.4351287436029939,0.15434171503179572,0.5847579400251147,-0.5254395937233345,-0.3360677748906504,-0.08112223502445447,-0.1423696731462307,0.47773011628170725,0.16386017760561325,0.0,-0.27632707968234027,0.7931861231551208,-0.7570808419877668,-0.026580495934348525,0.7522742546828006,-0.2161124651868023,1.766163938530806,0.2972584496871882,0.2282987691900298,2.7958025172820173,0.280060777177237,0.5863637003471565,1.4996869478696928,2.6272282505598206,0.6129487895696925,0.7385902198465805,-0.16219355697718998,1.8877539179285314,1.0
0.1954469178418966,0.7284732136790275,0.8718217582646269,1.263556308974136,1.409763762171691,0.4968711012120169,0.9606076806089354,0.028561777957349776,-0.028391671579224023,1.1085127255594445,-0.8506936188394643,-0.2031817172315311,0.16166830024281387,0.20551240369011356,0.6761880735170008,0.5839749783487893,0.8627109797783906,0.45707519726586715,0.0,-0.5588795748055456,0.8068308540312911,-0.48402282344637576,-0.49969779103432954,0.3590873318883791,-0.49229147963647896,1.689313750521642,0.7426907146300731,0.9587723134917878,2.0812205207882077,2.9171900453667408,1.5134377698349675,2.1529820476950534,3.619946234254084,1.0687565575076177,1.101186620526087,-0.5440973490539703,1.459121860937605,1.0
0.5049118226816759,1.5756533926278915,0.5824133143737646,1.0194036797024928,1.9127350083263737,0.71472362764975,1.7202041130848151,-1.1436213068262626,-1.2872993389612568,2.2041141449306263,1.7474450085793878,0.9710753042644605,1.2543533886059461,1.4237067535739207,1.6357097556023519,1.4892456393286087,1.0454281666476775,0.8696057436692516,0.0,-0.2682488930952246,-0.4834490094465118,-0.4827551446230632,-0.31636334914373654,-0.04460984607276204,-0.7407171840169464,1.1330899597086446,-0.3883351036330296,-0.2868501725096537,1.3119027142460764,1.119981101477659,1.454376908316552,-0.06469972910571298,0.5805565888518726,-0.5585040653445164,-0.24279712476049264,-0.6622237472038462,0.7105996039009436,1.0
1.6581733441422666,0.4612845987812403,0.028915269799987552,0.2862672474403707,0.5377360460921898,0.37442959863694664,1.9759623733997258,0.31789396898433603,0.30675568823113597,1.9652609978589715,0.41591736845138033,0.733675946849805,0.5946295314414916,1.8206573895192923,0.5841501613434332,0.564821873948312,1.0241819821279934,1.4479089065550972,0.0,3.561048858036246,-0.5471244202019718,-1.1690764595641485,-1.14482522894844,-1.0573849259086994,-0.26167815355933693,0.9524350960809373,-0.49458891899523943,-0.5077059998959288,2.4508062494072287,1.160729901983508,1.1016281079469405,-0.764601518166569,1.9726041592500547,-0.6583380676141074,-0.6618016023407137,-0.6152025595907887,0.5609819093712031,1.0
1.9858552262727764,0.1468904519213624,-0.5023115701001308,-0.2468836304764595,0.08197158356305602,0.4981439225139525,2.009037378657101,0.194788882079128,0.16632149991547363,2.1468461006044874,0.03066591542522722,0.18527830261655792,0.4630958029102605,1.945233207877215,0.31302370085184117,0.2431479410685027,0.9731911392807501,1.3934157398868925,0.0,3.5338140365298605,-0.5823733082987445,-0.19004810432033695,-0.13028723484515384,-0.6960733671445009,-0.5953324716035606,0.013124674893813302,-0.5030749492496165,-0.45705247594714166,2.066891163591662,0.6156484820285849,0.7763379343076764,-0.6452480457847289,2.841758018528812,-0.6253962082793586,-0.824422880897288,-0.5326287667093235,0.2077661500800424,1.0
-0.6353629395031661,-1.5238671399953216,-1.1106084998577785,-1.385111097712529,-1.8191964600782267,-0.021251362762278878,-0.8521616379926669,-0.21267569020856342,-0.22200663771286297,-0.8795388236779165,-0.9009773566079671,-0.978247800498377,-0.8902639202464122,-0.8561121669718595,-1.3240118733092123,-1.3648943198365187,-0.31262794785055764,-0.8143028383650264,0.0,-1.1802049661290175,-0.9905781736774902,0.6854108910588865,0.48360897824754,-0.6135420191959782,-0.5832985166300395,-0.9874011240567828,-0.8452416689555949,-1.1802067072189795,-1.0031547342475973,-1.2570194200177465,-1.3061218583455105,-1.1994593485776925,-0.9211205200966675,-0.3205159387220594,-1.2324853234934239,-0.39729949504247525,-0.3262945296151546,1.0
-0.6961602498921494,1.1602181913997198,-0.12680733761556978,-0.1103111390142518,0.5177015520105568,0.7164132833906666,-0.5527918726270391,0.06180515730145451,0.011850383591160685,-0.6110938837977254,-0.9048477011607914,-0.9185103900257662,0.3898775742510487,-0.5101332298177798,1.153908665275041,1.2271591423613952,0.15818750110565152,-0.6649144520523842,0.0,-0.24072106781874528,-0.8583948433145966,-0.8498749318542006,-1.1156204576459714,-0.9622757316131165,-0.38530529149327075,-0.856595963409732,-0.46930263323614213,-0.47605899226987103,-0.7621807653570069,-0.8911903458474749,-0.6187529777485015,-0.7467726865656852,0.12378421535560347,-0.9981770450368507,-0.9496903158875023,-0.2046273116523873,-0.4223097779492237,1.0
-0.6697707177061029,1.4003564452855226,-0.5813157382582683,-0.5967658217924686,0.2622820302977533,1.0291150347257045,-0.5912118775581017,-0.09012137766271493,-0.14473129708767488,-0.6645029665340563,-0.9775603776563835,-0.8004085036282351,0.395718212745805,-0.4634153860885871,1.3916354893292635,1.4569145442936153,0.08085138945399965,-0.6518009104762106,0.0,0.052275437721196936,-0.7711254187524268,-1.303830718482206,-1.3670198971435439,-1.1294060186904995,-0.39856808958109763,-0.3923181385961767,-0.2932669309782819,-0.17068727096415426,-0.4150125505121624,-0.5404723253273277,-0.21436668694922956,-0.6549494529545934,0.22774724145588035,-1.0307827629498147,-0.9600663835448242,0.02589119347503873,-0.24854833490904105,1.0
-0.6697707177061029,1.4003564452855226,-0.5813157382582683,-0.5967658217924686,0.2622820302977533,1.0291150347257045,-0.5912118775581017,-0.09012137766271493,-0.14473129708767488,-0.6645029665340563,-0.9775603776563835,-0.8004085036282351,0.395718212745805,-0.4634153860885871,1.3916354893292635,1.4569145442936153,0.08085138945399965,-0.6518009104762106,0.0,0.052275437721196936,-0.7711254187524268,-1.303830718482206,-1.3670198971435439,-1.1294060186904995,-0.39856808958109763,-0.3923181385961767,-0.2932669309782819,-0.17068727096415426,-0.4150125505121624,-0.5404723253273277,-0.21436668694922956,-0.6549494529545934,0.22774724145588035,-1.0307827629498147,-0.9600663835448242,0.02589119347503873,-0.24854833490904105,1.0
1.1473520245191666,0.9788216528487652,0.388771050579635,0.34419026888707893,0.9651926607084091,0.6786899099894095,1.8915039110095964,0.5527063033689027,0.403190472433764,1.7120440790061027,0.7297411362631809,0.9593982614489407,-0.0752026850050617,0.9852671698970381,0.7899886447266826,0.6941462540882861,0.7352338726602838,2.7147793850544417,0.0,1.188979931531362,-0.3276716652769084,-0.3401412770004719,-0.5042275106649178,-0.4231513313397864,-0.42588220805981103,2.9451151637007182,-0.5629369920704625,-0.8335366104066918,1.8330875949720795,0.5077908084608703,0.06888062921320778,-0.8998531801546671,0.0641006387644446,-0.2795066852645188,-0.23864669769756414,-0.4225303762007008,1.112680146191418,1.0
-0.4075278190613419,-1.080055579666342,-0.3723766733593364,-0.5994799995812385,-1.1564359291429087,0.2681176928454712,-0.6585499538778798,-0.28811646633893145,-0.30942127187651924,-0.6991464355811354,-0.7757091515380445,-1.051266302568494,-0.7667876989726057,-0.7315692323474506,-1.0450266748323565,-1.0172736600552084,0.04600764684171746,-0.6272944477334074,0.0,0.019701167346532943,-0.5886271432836552,-0.10840958809904924,-0.3694087500808715,-0.530321474187343,-0.4510410958144408,-1.0637510901329228,-0.6186605555294422,-0.8230055605579026,-0.9027233570716368,-1.0054237475964407,-1.212372126597048,-0.8905008583953865,-0.8259402676085359,-0.5050575792809989,-0.3310880277355235,-0.20233359518345792,-1.1741807304977043,1.0
1.2315147232456523,1.1008134770204598,0.5750872602047978,0.41334011664188214,1.3039134999185291,0.7453737968750167,2.062845195300332,0.2099251822144522,0.11886520914637089,1.8386264335432851,-0.2097719388321501,0.2421980779384585,-0.07744403214807631,1.0462664955650534,0.8371410726382635,0.7404738484928594,0.6799937929091037,2.9274949440949505,0.0,1.4811434346174768,0.11038104889345994,-0.5887330942519428,-0.7477595423830496,0.0008771598946899649,0.08819551343502706,3.1095128145051487,-0.5592873990068385,-0.739721221394047,1.8748741152874404,0.8774722863660361,0.6737699247531225,-0.5894549708529719,-0.3196075564440245,-0.3339615955933832,-0.3388229145346181,-0.6496083066247332,1.0953879039623664,1.0
-0.2462542023304142,0.8873251366087633,-0.048552937984351306,0.15657147052266632,0.49389174955533655,1.2177066881084768,-0.07824024667880566,1.320373443867385,1.3756311883849968,-0.1082365596204444,0.1854828075521139,0.2389819265193094,0.06730476004512415,-0.2748774148663338,0.9411148599076934,0.7547220997831278,1.0983067734987906,-0.21935387452905494,0.0,0.8029583400370569,0.01770476879907811,-0.7780230875835971,-1.1429102428335398,-0.486289886591472,-0.3163417889521609,0.2508080170646436,-0.1878869263030263,-0.11048369803924508,0.7922808429709493,0.9836544340460985,1.166274410176546,2.3137424766354813,1.9604177122645998,-0.24883027159793752,-0.4152682724316991,-0.9769223602666928,0.27113584417191083,0.0
-0.35268004729565994,0.24927802154337775,-1.8105609255327244,-1.9163556008007157,-1.1861811559460318,-0.28640365558264125,-0.4290580704679932,-1.1708938538941804,-1.1880180980877786,-0.40696655853204156,0.13438412479969314,-0.44295064953335334,0.2847501463455702,-0.3109994020125203,0.15350944216506515,0.46865226690454576,0.7542771858096979,-0.6205543052061315,0.0,-0.4639671151042474,-0.24343806038483298,-0.47018067007617004,-0.49561719585333386,-0.6907051991309143,-0.6446802523241008,-0.6377189882473943,-0.7774321811380476,-0.5763791224662989,-0.6539419421496329,-0.4985626990200275,-0.40283192401997514,0.756938122379916,-0.481225449286202,0.3123121829936316,0.00868062608469691,-0.9745981433661258,-0.372028510721736,0.0
-0.4359389265356036,-1.3588923333468192,-1.0289468889531856,-1.1242867348164565,-1.7747020996643823,-0.6955839935574076,-0.5164767240785494,-0.48465974750558766,-0.22493492373325766,-0.5307477761927802,-0.38417562773831343,-0.451593949865767,-0.9185403342874879,-0.5110418454467525,-1.0317482393117927,-1.0671439020850333,-1.1919158342904568,-0.6654195068275519,0.0,-0.3493099729495165,-0.8207360406365793,-0.014186967847693929,0.021443584702567582,-0.6806772781384134,-0.6099382968051089,-0.6281181823570342,-0.465176262364448,-0.6066080616304759,-0.5727559169602148,-0.4989613353652038,-0.5676275995107124,-0.8942394622054185,-0.5906050360846674,-0.6715202066476983,-0.8520966311561888,0.5888250917487485,-0.3650562439833617,0.0
-0.12413485568409281,0.3125418158495287,-0.20572222436153428,-0.15931551910748817,-0.09493643558495025,-1.1640670317861623,-0.13013205398888236,-0.04694322499804203,-0.07110474774269065,-0.12192144835051129,-0.3396846932822464,-0.05431278094674517,0.5660178607987828,-0.127733798663636,0.43662056471497906,0.5108310687432134,0.9571664298314706,-0.1605930914084284,0.0,0.43834974003995875,-0.36705008485894286,-0.8922336427007409,-0.8473732580369994,-0.8380384998668894,-0.5045350657777611,-0.23133879401051954,-0.5801000248697905,-0.47366934480683076,0.17524040215842757,-0.03365306145812521,-0.035793013670822396,0.0998064244382243,0.3961528782870739,-0.4480983838356817,-0.16240153701280524,-0.8847284232108601,-0.06500096524670428,0.0
-0.3131217432988658,-0.6184237222950814,0.41287326041740474,0.32031840068730044,-0.3780594058989466,-0.10059177793327512,-0.3050262692017802,0.15024892651380076,0.20535203575451175,-0.32768572607370267,-0.5446640986496125,-0.392817677462635,-0.6715450558281741,-0.44859017592213385,-0.5214458437995911,-0.6437777652622171,-1.1919158342904568,-0.29750679053421797,0.0,-0.03472673702306204,-0.8843647502854515,-0.5698815632876436,-0.5142709264236797,-0.4344789614635497,-0.4253123778493711,-0.20182679078203666,-0.32008442486355976,-0.43627008602502254,-0.1667699132956603,-0.5522291169893918,-0.45122288198173904,-0.6195367711847295,-0.33588618476663906,-0.7073194562488523,-0.5700364525989509,1.1636814051557043,-0.45782945149128623,0.0
1.739582567750277,1.1921202199573586,-1.620959126807814,-1.2446579887046658,-0.3732203535034549,-0.637342389121112,1.6881176697508615,-0.5845931784520453,-0.9334719752517886,2.0270475302935553,2.881193537739712,2.9442950001781765,1.7644562128191141,2.3179861336777146,1.584328202265847,1.3357566149076296,1.3541236463958082,1.5336310605086212,0.0,0.6736746561775355,-0.9049115211095655,-1.3665553389153258,-1.4202233065198802,-1.0909220972034204,-0.7586184290647684,0.2335299654229743,-0.8213540804815586,-0.7364705169275774,0.6079660427725473,1.4925261860494792,2.250263145398005,0.2484297583977469,1.1733806651804313,-1.2473274140879351,-0.5481413702451917,-1.0543962569522665,0.2796653720975139,0.0
-0.40321738937774027,0.11299040518495887,0.19744909482326325,0.3463838301452204,0.43897234538428165,-0.5503032092222586,-0.44102435173274485,0.030150607782675417,0.016631384920496536,-0.3984568144808063,-0.48576975779475196,-0.4984322579501472,-0.0139744019630218,-0.4172830150356667,0.07948993111671004,0.12368992329544314,0.8132694388268982,-0.5036543321977686,0.0,-0.08453270925803692,0.8226742257631927,1.0361089097451772,1.1995513149633537,-0.7006045570337671,-0.34585619040022886,-0.16792991807863883,-0.44257138457904965,-0.3479403379797195,-0.16362356797383393,-0.5028106675733128,-0.44269814866247453,0.5105873192008931,-0.08324912717562907,1.1331070262586254,1.1467955931398541,1.574293057589244,-0.611926737155639,0.0
-0.6401154051439328,-1.100310393422606,-0.42537878526205064,-0.4677480960903685,-1.5439637917904687,-1.1126354317271054,-0.6810355188731005,-1.0437754041754905,-0.5536849240327518,-0.6712080517867984,-0.49774166130921305,-0.5353141471508793,-0.8524037315133419,-0.5447259591329401,-0.7737605274461745,-0.9570342748361307,-1.1919158342904568,-0.7715047493585813,0.0,-0.5663562532664651,-0.9695344293467013,0.318517034094596,0.7033792741705591,-0.28843129162404973,0.5615067309788504,-0.7045755645798991,0.9690178161834135,0.4532358264059882,-0.7066475245761812,-0.7132532856690582,-0.7774793368431779,-0.8392505957100738,-0.6471671741389868,-0.34199458381298725,-0.11517684958313112,-1.3038622042798131,-0.6879349558490754,0.0
1.0514509977731639,2.389546274640517,-0.5656184904137334,-0.3569825282979766,1.3788238550864143,-0.020777035102896524,1.8028668030011614,-0.5029397458602983,-0.8464378676353881,1.846587214908848,1.9144855303103783,1.6506584420874766,2.629918265431048,2.3120275463991273,2.487150121695057,2.531109597627964,1.3458537043840508,1.6604433214282637,0.0,0.9772581087835567,-0.4793945253327344,-1.3443241610247685,-1.2726267379056686,-0.9698156667555234,-0.7616211556968812,1.298888125463716,-0.49504423770649836,-0.2562128520897335,1.305337149868689,3.5286734355096976,4.1130345945687665,0.40436514152691944,2.176119860524098,-0.677558634291266,-0.4880372226074253,-1.0164340475763352,0.7993275902396334,0.0
-0.13722902980631344,-0.14947202769855378,-0.9366426272714574,-0.9242183041020142,-1.0263388061838432,-0.40883187975076885,-0.26368390079486337,0.4723075542709043,0.5536210520643009,-0.25101014407929256,-0.3176990813242942,-0.4705453432180818,0.4247701489210271,-0.14627135932792404,0.009117366780591081,0.21651198040298708,0.9334592627311004,-0.30902232051223966,0.0,-0.40258998471076185,-0.6155997319248515,-0.6838375629327581,-0.4828088739409765,-1.1293624610080069,-0.5818232194396568,-0.3156500210869014,-0.6974070930804347,-0.6697876880752511,-0.47475069881409454,-0.2145467604676746,-0.2617378301636308,-0.14697550116236005,-0.4942381991094363,-0.7336297481243986,-0.8070185204278628,-1.1465901940080987,-0.28679963249762325,0.0
-0.6655679742315339,-1.084788421585409,1.2019058775339597,1.2659781849744698,0.2732155982498257,-1.504721224713609,-0.6843582336122971,1.5963385706375122,1.2404225242286875,-0.6713525073185324,-0.5226877672370204,-0.5543529944217218,-0.8137187209061768,-0.5500389608550248,-0.9913616812762849,-0.7817913957683333,-1.1919158342904568,-0.7298106353689547,0.0,-0.6355639110203163,1.5497647933133258,1.3764495758483426,1.7458391388091994,1.0565957522675522,3.6489713764586615,-0.6966623428154582,3.470726725115886,3.6635237524938975,-0.7036387244050359,-0.7290741656182441,-0.7831698868164529,-0.3094535130011675,-0.66379302626131,1.5199977117072327,0.05933983623653012,-1.3038622042798131,-0.7268596469781882,0.0
2.889889871886635,-0.44791721347738683,-2.090992780832647,-2.157998641648617,-1.4305148967406116,-0.5740786821589171,1.9104016995288187,0.22478497614321946,0.2662922293437382,1.8831728512221895,-0.38631943371648436,0.8253704505436492,-0.2960734666449713,1.025087789672783,-0.38151114773007244,-0.3679657022185491,1.1109873512501511,1.6535356815063231,0.0,4.805841886186143,-0.8280268302838455,-1.2224769417467456,-1.3858385497081822,-1.4514130005748636,-0.8681982990154646,4.134502793795967,-0.7895565501102912,-0.8778375041789646,4.243606746716396,0.484001147524921,1.030751101353347,-1.03532294403674,2.524171352415571,-1.2184292246508597,-0.6713548729026163,-1.0613689076539676,3.3674118914592253,0.0
0.11711280664960841,-1.3503082125580668,-1.5665086478662487,-1.7097833201255637,-1.856735559321286,-0.5528735583177297,-0.14687875804896736,0.21655678449804144,0.252505001366772,-0.19456944849161248,-0.5347339151143619,-0.2707025549979565,-0.9507415431655912,-0.43035434117302573,-1.2271975686675776,-1.0894527581595665,-1.1919158342904568,-0.3394476324399274,0.0,0.25767200909828575,-0.9592610439346431,0.30409222401293456,0.3436287560281725,-0.8362386166118256,-0.7286135733438985,-0.46814566427022203,-0.5688516039147204,-0.7519966795020657,-0.5008713825855946,-0.22336658960470104,-0.17846418333990385,-0.7891456543261488,-0.499528356061879,-0.6887728570578937,-1.0075087843338448,0.7964551348660854,0.1854344257572141,0.0
-0.6311687623741882,-0.5498683466807944,1.7012334136793208,1.549496013646324,1.1820357243364257,-1.3210936314024964,-0.6532066827700653,0.7572305435720087,0.7569584423107109,-0.6371246277259391,-0.5177969198322754,-0.49948742195602197,-0.6900568192822578,-0.5405534573920171,-0.9467878881267281,-0.938383784227196,-1.1919158342904568,-0.6606236727410533,0.0,-0.6239404208643069,-0.3822944632123194,0.811675835239348,0.5832905110057064,1.1369476832972072,0.2812777217985309,-0.7101007015382018,0.07134155518346534,-0.14998716544887494,-0.715501993651266,-0.684912733004178,-0.7310733991044114,-0.8069206720921686,-0.6505933741464062,0.14668673905576612,-0.26973037208024775,0.4191572580073426,-0.5751107888865216,0.0
-0.6480239622313865,-0.8957025828413727,0.8040131637312712,0.7801405929094654,-0.43075130976096543,2.216002747316505,-0.672277424382888,-2.577618372094189,-1.84079600285148,-0.6604759149396564,-0.43234165815695924,-0.48340383038540413,-0.7683676989881664,-0.5454075040243401,-0.8548037877180966,-0.8551021703926841,-1.1919158342904568,-0.7420900939616915,0.0,-0.602297793669841,3.7104897251396034,0.5567809559140128,0.4574423010748923,2.5331428368684916,1.5208550549572712,-0.7182339116104302,2.7831270809833177,2.210262737210902,-0.7066905074357691,-0.6178919974714066,-0.6483509681039045,-0.3315001555900092,-0.6516944265378676,3.548046767425574,3.67846815471068,0.6415073414949386,-0.6581273490756806,0.0
-0.6722419893983905,-0.7969263984228464,1.7020894037412841,1.8661334475027136,1.4504111063974954,1.1315849476914983,-0.7054186846380055,2.6194962410183282,2.324852342747882,-0.6884043211343979,-0.5086927048340689,-0.5186269624757015,-0.8729514360874169,-0.5522982529365714,-1.5511004655543588,-1.117213296104404,-1.1919158342904568,-0.6987941315135391,0.0,-0.6534278409203799,0.385889645986042,1.9506418689224236,2.024527592768007,1.3740180206071007,3.420484534069201,-0.744741548052361,2.7116591201882287,2.541166062481847,-0.7370879857362541,-0.6999114254914377,-0.7721921087823964,-0.8912548176484436,-0.6788022075475884,-0.1526467455611047,-1.059455940506487,-1.3038622042798131,-0.6932506999165459,0.0
-0.6213728742248195,-0.8464320813278462,1.014253833950189,0.9354825477402599,0.37291543966804813,-1.0085321476361817,-0.6388367836552787,1.4624226013879422,1.2040039125400546,-0.6295634413271386,-0.46456371164704374,-0.4869816886029592,-0.7541158069586091,-0.5390499191911629,-0.9340911106841269,-0.9522999195277089,-1.1919158342904568,-0.6142858936827812,0.0,-0.621927475612436,-0.7355663615753284,0.1332855022812786,-0.15632560801390838,0.3376709549590222,0.15581835013483478,-0.6485511831491076,0.24679936196568983,-0.00792258729369916,-0.6707525385344176,-0.596328262674524,-0.597431294482266,-1.048443968649505,-0.6492489037397815,-0.13927594149320463,-0.5698217949288159,0.044958337016022275,-0.6778176727587624,0.0
-0.56314069491202,-0.8775936156979762,1.5015499542246182,1.5818151449895417,0.772713339962229,3.37617967670245,-0.5189037211656711,-1.1006138429984942,-0.747166766527904,-0.5194610513252053,-0.3830155595683075,-0.12845851756756316,-0.8398775071923923,-0.530068202093632,-1.2139605028231637,-0.9365904678224908,-1.1919158342904568,-0.25679148654689177,0.0,-0.44195421386786293,-0.6706120538087722,1.2687726111799515,1.1820150889893883,1.3718324480830946,0.9462875071167677,-0.34834802570189,0.3077501160471395,0.06763451272813599,-0.5033944764433979,-0.4683659958729201,-0.27762667198495933,-0.6421339730734021,-0.590531701335215,0.5055418675878081,-0.6410881414135975,0.40908565143821773,0.43657920003191936,0.0
-0.627096542778063,-0.8557217462910168,0.5142605277566338,0.3543885685584019,-0.41001251378028725,0.05380240317530585,-0.6495771445787949,0.48139246273423164,0.42610916614491734,-0.6458626721280266,-0.5405620976004716,-0.572945766529299,-0.7210868981271971,-0.5382765097486073,-0.6168067467195525,-0.7865257510767553,-1.1919158342904568,-0.6979629675153199,0.0,-0.5755923224731164,-1.0020115832299794,-0.21528579075083712,-0.27933707550775605,-0.28226026332097154,0.17247153987226044,-0.7010338682213457,0.48587349369446753,0.06287971279739389,-0.6928457283625419,-0.5727962609233335,-0.5603591176148218,-0.9581296760812558,-0.6477758730798321,-0.47009551310868025,-0.8151755118929886,-1.3038622042798131,-0.6574019315442026,0.0
0.2198226110054424,-0.1325389675125209,-0.16772577661104413,0.008383750648653059,-0.21368524516320261,-0.9735935200138566,0.3198404974577329,-0.6541097894533439,-0.6202141209000285,0.30322330368497397,0.5089654966219248,0.1174503611673322,-0.34452113888443836,-0.18020729226401,-0.01951791851548796,-0.12529412633383424,0.982527585334192,-0.010083589483616227,0.0,-0.1332922931391764,0.795830863880075,-0.4580468592427736,-0.6344456514805634,-0.6064963754118352,-0.6195849013286849,0.7259449956522759,-0.3771818993941295,-0.33139256686853513,0.43306019053791,1.281535442979116,0.3911162003191319,-0.46663734150319747,0.3697710933415879,0.5098550301903573,0.47319982425658685,-0.7460501481436835,0.838707454992261,0.0
-0.5403201233788707,-0.1718142598884591,1.0426441710053114,0.9288286089343026,0.4115510484764964,-0.19116418634319352,-0.5240898216948163,0.00076645765046927,0.06908438466321921,-0.5198287563150734,-0.5239499214059868,-0.5480196740340656,-0.5655100300566575,-0.5059240144335371,-0.26778043914847555,-0.4516059793340021,-1.1919158342904568,-0.6249671837838183,0.0,-0.5408876035433203,1.647527654492583,0.6580940337816746,0.7243539758256934,-0.007392377654727019,-0.01265231715833206,-0.5395339158181844,-0.3224450944807122,-0.35741435943445277,-0.5726785478129567,-0.623061812572912,-0.4964940863421502,-0.6046635798907525,-0.5455402041092607,1.3768007133026203,1.352652298799208,1.170654055857406,-0.029900077277731234,0.0
0.965222028281109,-0.013066820644398824,-0.4424510314978775,-0.4962149470722435,-0.5300670994017677,0.2224303931476613,0.9202496029128721,-0.15996351127685907,-0.13644407164931185,0.8451861126802049,0.27370367174472415,0.16109289315098735,0.17916167093475074,0.4999372312163451,0.07030502828589204,-0.01131093565076831,0.8772236570511526,1.3470989157948718,0.0,1.0672364369831624,0.9283906756485601,-0.8019513019543517,-0.7767125827889607,0.1677105504450965,-0.6294304999040069,0.9165826459514521,-0.5686146109312173,-0.531231394957162,0.5698015617445469,0.2841971368910692,0.6846913927825399,0.1613696417374339,0.14942851502843194,0.5275389968608051,0.7048154503321268,-0.649207777286717,-0.06552241878338129,0.0
0.7974844736283512,1.8475707579917222,-1.202903091545541,-0.9301217986817357,0.08049841634048853,-0.025560828350571108,1.046966582776411,1.1010224580131476,1.6392611413663336,0.9396125520426475,2.19107362367587,2.013916992361248,2.500552504261192,1.8062461931493474,2.2274064725235467,2.2031478935354665,1.2499223770476695,0.9458087723057496,0.0,0.2667807958167897,-0.194059530501075,-1.4296002441545819,-1.330221205565262,-1.0396254244340886,-0.6732707102629094,0.6573573201008284,-0.6208638469454328,-0.256300527449226,0.7220511486904596,1.4494111738415,0.9507314649918686,1.928175324285433,0.32068144306028623,-0.2514181691594668,-0.055287359615497474,-1.0334783048471614,-0.1456014204258382,0.0
-0.07079413879862556,-0.5471637606788586,0.6069452294659018,0.6464114317942603,0.044935221751400474,1.2271362080087016,0.0483944261513609,-0.4372232698266436,-0.25819187298357743,-0.03497033021066377,-0.11251550395900697,0.3860659303575943,-0.6575091384281095,-0.373778294291244,-0.6630014050745479,-0.6239795521542709,-1.1919158342904568,0.8263987541428599,0.0,0.3129587516866995,-0.49397610462726654,0.15229231085946507,-0.0249758369932246,0.29035973796876197,0.0585829994283045,0.30997931183068594,-0.1516342022187256,-0.28369462998981004,-0.05067750783499737,0.26913615747487585,1.0745513924817347,-0.4268984992332682,-0.46580334898516085,-0.781505853012688,-0.6893861171939466,0.6298862569921024,0.558760201280676,0.0
-0.6693756117362689,-1.0279921155447562,1.0063597033787481,0.968952360230372,-0.20462162321609134,0.5968550044737048,-0.7046741796498183,-0.1830099806952757,-0.09018011112051272,-0.6888083925518355,-0.5500189733223599,-0.5735409257556605,-0.808348253182668,-0.5511400646233146,-1.0771324650640692,-0.9935461968359296,-1.1919158342904568,-0.7859711176084229,0.0,-0.6407122977107945,-0.3720210778002624,0.9498994565512555,1.2454549653069702,0.2723609054181192,0.9818919198149587,-0.7541048672802656,1.1204659358308493,1.072663511878369,-0.7451171839072535,-0.7691495756942526,-0.8406670551624205,-0.37405885784689374,-0.669692297692528,0.3287022008833148,-0.06580558545210764,-1.3038622042798131,-0.7507498103093561,0.0
2.4833092214208015,-0.15899687405319776,0.08740681685751386,0.12790450108046222,0.009064785740375529,-0.8962813506730427,2.9040308895914033,1.6273181028759574,1.6444625860229127,2.822574245337755,5.5622502868037955,5.217091542376863,-0.1474658869354233,1.0146368831722916,-0.08908005024888768,-0.17493312441607567,1.2890667692366526,3.69462726676858,0.0,3.767816588104863,-0.5486570269817669,-0.5284738731708783,-0.5278529053643003,-0.45762031760009025,-0.5380442097695147,1.425885476747092,-0.46697274463302907,-0.4866808764184816,1.2895151592544252,3.576210819671976,3.035398913233297,-0.028283772757090694,0.7080705256338119,-0.34932696023731963,-0.6666324041596489,-1.022631959311181,2.0961988683570847,0.0
-0.3896920610595295,1.68952886292208,-0.3420148642274966,-0.6318952631756608,0.742450059901536,0.7129729936637476,-0.3961564650663042,-0.7632754122006321,-0.9573187292018392,-0.4068453371068103,-0.040247897240318145,-0.04249897959874257,1.5100460082069684,-0.16618682831399884,1.5490743840475605,1.717804741766037,0.5392586935040152,-0.04955287582029487,0.0,-0.3653514913559104,0.17346254762704566,-0.6403085772157483,-0.6407208695986976,-0.47266219908884133,-0.17764109045851298,-0.2049458620109991,-0.6185830895788683,-0.39341081246438,-0.29786763503842023,-0.2950588448075078,-0.20814473229483196,1.6016027512019315,-0.04114461819227757,-0.0336034577307656,0.19586211444231752,1.3263765881954086,-0.5307527846395825,0.0
-0.35149515230084,-0.6526426147543561,0.6869327452560439,0.6674738997439439,-0.26822059755683736,0.3377918575160378,-0.3740742454391912,0.3043522695537644,0.3252079390813352,-0.3913946562825411,-0.5142239098686572,-0.4081352994363689,-0.7145933623303271,-0.46820595714159474,-0.621129053934055,-0.6831589935095445,-1.1919158342904568,-0.22060980992925816,0.0,-0.5035429366166202,-0.9665518335819103,0.08525936989175027,-0.02385833239684276,0.048918255610853695,-0.3802217931038876,-0.5241737593806013,-0.5751708451897506,-0.6733467994076959,-0.43516348513373965,-0.5472959922178346,-0.5033393228769847,-0.719802007942507,-0.5677966208300503,-1.3771536084246452,-0.9205724279292169,-0.19753495960982306,-0.4175078976828224,0.0
-0.4779511572905525,0.683305279506212,1.095620444840161,1.0240849960511562,1.2488607336074984,1.0787239111936462,-0.43185595415641553,-0.5830562599606934,-0.487208421539447,-0.4235516698607667,-0.33852462511224046,-0.3058115598130734,-0.3964453942794976,-0.4686778484801967,0.2914180567277857,0.0836631011424219,0.6660644710176231,-0.4251738704700056,0.0,-0.385428108684837,2.2172034455676393,0.14915279337110446,0.1251995883818655,0.31478672500177685,-0.23692234313534286,-0.24576801280227284,-0.1529127982281321,-0.09607825527740069,-0.15530638464359653,-0.45786441965468094,-0.5523590099158636,-0.5109726939368388,-0.3963764516067205,1.3875836198089913,1.3099354224423658,1.3410966285656678,-0.32236410718563746,0.0
-0.062087915286824176,1.9448182633656759,0.06282088007778533,0.19799599181087807,1.5440429297324818,0.026300343280766414,0.2459792766018646,-0.9571334512134965,-1.319317179659077,0.21876126547654184,0.7948248548021037,-0.4563183907269615,1.1804854540303618,0.13123855342775534,1.8978305474177313,1.740328795809135,0.8116154504245467,0.011324465550074662,0.0,0.08819986712105676,0.5095016704601519,-0.3972929532517825,-0.13268608770586585,0.9612019397491444,-0.5656585416141949,-0.09544120046072431,-0.2419220124838135,0.18374591381612757,-0.4497303762480415,1.2181896362534386,-0.06047841546781653,2.125190819440503,-0.1943521703629353,0.11994513091996752,0.23986693681996843,-0.44700090693737027,-0.08944170651833937,0.0
-0.5317654083739286,-0.8518412533317179,-0.5376561483895927,-0.6632138022172316,-0.7677951496247244,0.06960313280834463,-0.593781964082369,0.03020401204627396,0.0838847044752578,-0.5712155286491531,-0.5272352344634436,-0.5480627195572105,-0.7012543433473998,-0.5154182699462699,-0.7770022578570515,-0.9903182273074602,0.11638899196950579,-0.7171834935104765,0.0,-0.5625223557785471,0.5307112403431092,0.4603044320149112,0.3842887309580059,-0.873521912609585,-0.6140796549473517,-0.6502867513723,-0.6536995506322776,-0.7463333595417994,-0.620969790559839,-0.7227084414812094,-0.7773366923355706,-0.9000463086489228,-0.6211536917468448,-0.3221540358412656,-0.16240153701280563,0.9118912409275901,-0.5679091791143451,0.0
-0.678447200723435,-0.5257622540548448,-0.044177877667649156,-0.05430335704957057,0.4379738107629899,0.07917104537190088,-0.7027729730206083,-2.1958262322768975,-0.9554098330092448,-0.6912833299836405,-0.533982190940198,-0.5696751652027946,-0.9067806678064273,-0.5529053554506865,-0.8595313112339588,-0.7853062959215558,-1.1919158342904568,-0.7782730647806453,0.0,-0.6206422218815554,-0.18179774791248823,2.280121501552339,2.2115806698236415,2.9975127166750752,3.96189410533183,-0.7152333843909097,3.6096491996829747,3.9020324967482827,-0.7201140544850358,-0.6735889693240127,-0.7162195130993501,-0.4851500576350005,-0.6565612991127445,1.5497585336648183,-0.5459947935438438,0.3540791847914607,-0.6756684296482006,0.0
-0.549921125842946,0.8792113786029555,0.9341712081531617,0.9139698132548356,1.773245030496715,0.33386273562036944,-0.5661808811347466,-0.6190602901785467,-0.973016553189915,-0.5300184272843054,-0.3515823524338271,-0.4555899443657138,0.24600186429765214,-0.4713528585276783,0.6007331667656209,0.49655627016175946,-1.1919158342904568,-0.669975389871941,0.0,-0.48203473724072965,1.6021259189618748,1.9729578986369898,1.8444374289667413,2.041646145146299,0.03594362497261433,-0.4369289352422423,-0.3275454167060025,0.12858413546407832,-0.31568832862351803,-0.549413747801584,-0.6976736833493746,0.6585410827822377,-0.3787738801455924,1.45659422144977,2.010578057762628,1.1427634530505992,-0.425260644405135,0.0
-0.40561073766256417,-0.8577207881185349,0.1107087685442978,0.05531152959592674,-0.6899862595194401,-0.9380615647075237,-0.3911254350276414,0.1534638631824332,0.20844740527073113,-0.4308128332321199,-0.5490259549688348,-0.3506566053010334,-0.8149446050707613,-0.4907265396684425,-0.7625495431085588,-0.9017283969150207,-1.1919158342904568,-0.34383754037793424,0.0,-0.22902286392924678,-0.8459224048725902,-0.33331467794841935,-0.11695506146451487,-0.3725115522534798,0.14005901363603765,-0.34178530345174096,0.015392690640959307,-0.17069888080726434,-0.4362208634795993,-0.4322520344771013,-0.19131390447321636,-1.073350070618098,-0.5346282293752679,-1.3879365149310174,-0.9654358809874075,0.6430568194286499,-0.5859598529017186,0.0
-0.17935998689016677,-0.7903413194616117,1.6028896665604053,1.5689575339133695,0.49489028417662834,-0.5483989941833259,-0.12616313814651034,0.13905258211282986,0.18530437618598264,-0.11203786147998829,-0.5283210582705692,-0.4185962819418483,-0.6341887454768167,-0.41831407842793733,-0.8341377563487562,-0.7693816462477729,0.515551526403645,0.4820109302369375,0.0,-0.23893298435945196,-0.9715228265232286,-0.8683902801539977,-0.9111569819226987,-0.2287780180276336,-0.14139267904714975,-0.10154590222837472,-0.0599371239808237,-0.12684976514452456,-0.09514327607856668,0.18602047950560974,0.1054874668282553,-0.7739626935885312,-0.5331338318575733,-1.4258923458334454,-1.0880054106344268,-0.4067144806608713,0.04036779223682304,0.0
-0.39070718675254584,1.9898554998326947,0.6359062265623319,0.9170716493899425,2.6182357511761167,-0.725079518017283,-0.21767846023405935,-2.197598129528083,-3.3294783604793023,-0.1802925951349994,0.8648744111797413,1.002081349869875,1.3023048791319753,-0.22526831927530072,1.7935548858678587,1.6893986099155056,0.9284972975240462,-0.42263615769995916,0.0,-0.38497976436011117,2.3600366427481805,0.04996101110368956,0.03992539148885407,0.8420239556459601,-0.3417488480561929,0.003797759684285175,0.510511160789885,1.628732408214838,0.0693263378481537,1.1897867966596247,1.4319541480919862,3.052692694191139,0.2847338210692488,2.749249053433577,2.936825904394655,1.7780494058723026,-0.39169370692016714,0.0
-0.5667760888707217,1.1140399979884281,0.2076258655599401,0.15842256628071472,1.0264947544813403,-0.254786079230898,-0.577518043792881,-0.7429919107357614,-0.8261386349266063,-0.562750232453836,-0.3722130047692124,-0.4574861775386634,0.14419689936799987,-0.47491941869989485,0.7135183706440457,0.6018598094460519,-0.23480787879644294,-0.5738924634899647,0.0,-0.49915459671097046,1.580584949549497,2.358354883289342,2.356340496000888,2.004234286058892,0.2963083057299384,-0.5672822359610586,0.017175797039270458,0.4868586914426963,-0.5042240456334421,-0.5774553232075817,-0.713749667568901,0.9424889546208626,-0.42950713684195263,1.475140820640727,2.3703443129086947,0.9056933291927441,-0.60520901547034,0.0
-0.5750563933632408,-1.2034374335833766,-0.2317823662479773,-0.31996061313701407,-1.376594027190849,-0.9988205088650488,-0.6072855185520212,-0.9203036224353667,-0.5095712339257086,-0.6090729797488793,-0.4292976392788637,-0.48798771840971783,-0.8332212299493552,-0.5303654001218994,-0.8345429726501159,-0.8690900383493851,-1.1919158342904568,-0.6929302315020823,0.0,-0.5443752292612494,-0.8416142109901151,0.2617511638320611,0.2703892240192577,0.30193041603703186,-0.23544866254181937,-0.6985320650911058,-0.13676709389905078,-0.30946102042155355,-0.6999464967664447,-0.6279326504155355,-0.6972392451259961,-1.0484524846479557,-0.6405754728740808,-1.0907596116154206,-0.7175062719816164,-1.3038622042798131,-0.5991308846985718,0.0
-0.6788407115059562,-0.9800151116843293,0.6106545197344097,0.4789623101135308,-0.1885682589199372,3.1355763223162123,-0.713427971956446,2.4033838021387357,1.7609800457858402,-0.6976989739140056,-0.5331469418577938,-0.5492296744858582,-0.7712319484407043,-0.5526704764124685,-0.8870860197264123,-1.002225848234703,-1.1919158342904568,-0.7974020752579293,0.0,-0.6655883127218788,-0.6732632500441416,1.5817909899519738,1.445918097519165,0.7711856932502169,1.254858352048618,-0.7920592601425938,1.6214330909981243,1.277891197932329,-0.7760949308121738,-0.7851573164302398,-0.864349658612495,-0.4676762933141708,-0.6779069002973761,-0.07889166505752584,-0.40539401960549454,-1.3038622042798131,-0.741538942764726,0.0
0.14109365538234528,1.2252807961550063,-2.215111339817351,-2.273667111719082,-1.0645903632148712,-0.5966174948389407,-0.1841497055351405,0.5714950119774118,0.905187716293621,-0.14632534160665348,0.11634274461976102,-0.29899808360638896,2.844642675589506,0.7673583085697487,1.068082634333704,1.507197663197452,1.0304932490023826,-0.15833453423097027,0.0,-0.037263077728763874,-0.7014322100449422,-1.0627858089603677,-0.9366876638553838,-1.4487131756922675,-0.7276348111886327,0.28899597309743336,-0.8545204082437968,-0.7965954830213362,0.017807082346228197,-0.19127636381800603,-0.3671055840941365,1.0155370603305158,0.13104224416191296,-0.7284539530013401,-0.5157280620548249,-1.0915837273613418,0.026556032873444376,0.0
-0.46870240743066,1.1285036535639978,-0.38947475766302664,-0.5249819757446121,0.25155507800334015,-0.3954112151237665,-0.4826999373870385,-0.3493052360397157,-0.428054737209719,-0.484355326578229,-0.3589789470857848,-0.3275345043077504,0.8924619923286977,-0.3446986299690551,1.110360201775557,1.323777261324199,-1.1919158342904568,-0.4573328883688627,0.0,-0.35040617733943247,1.1809171170675188,-1.1172606799746363,-1.0995854492508004,-0.6025109196327654,-0.39584031660310187,-0.41416449899367547,-0.6831720803737793,-0.6336006364377316,-0.41380530220456674,-0.5576854519639929,-0.5800699114573068,1.51989813306724,-0.3850263665122361,0.4335120521252446,1.3588773712331188,1.0714874680998716,-0.5097944779564878,0.0
-0.6463558978205746,-0.19615553390588092,0.8793878441874985,0.8121095169471074,0.8757928370217474,1.7357597331301424,-0.6529271923223868,-0.8523604696847241,-0.550693243445961,-0.6401319292502182,-0.5068180346713393,-0.4944137495088186,-0.6506019047493945,-0.5419578856233818,-0.37300160540152083,-0.5438541751920403,0.08165523552012617,-0.7153838425337814,0.0,-0.6182837596481211,0.2218468789225435,0.5658601010830587,0.618277001061607,1.2831239162263548,0.9307865290929787,-0.6629801921284548,0.8893861159001543,1.1659195986012474,-0.6476535497919392,-0.6381227919891056,-0.652152499860201,-0.6643490195316046,-0.6476371552326695,-0.21820681711984352,0.024565293674678884,0.8235709987060363,-0.5406007461878858,0.0
1.8891110559904258,-0.5409314538048324,-0.8653576771112771,-0.8757896367022691,-1.0408559633703178,-0.611477214916848,1.5078859696615483,0.7997583262010316,0.8637886363553875,1.492027678428445,1.6161716802570159,2.2062023354296425,-0.23023162361163968,0.600781625171988,-0.3870491038486538,-0.30849933023852294,1.0839722073450784,1.0597197022957874,0.0,2.5296490751660348,-1.0159303634656707,-0.5952522586665638,-0.5850175635637467,-1.1491611768137138,-0.8551634582004918,3.0456666255135403,-0.8461724933111383,-0.922874684495698,2.7877729941919838,1.0700837766346427,1.5453115456056263,-0.6957794408131651,1.043265992192835,-1.0588422083565603,-1.0695448510028267,-1.1233480250024273,2.8509580161477883,0.0
-0.6261300294401887,-1.1829766525252534,-0.8706362824933853,-0.970795875743711,-1.4734518854561636,-1.1228316777257614,-0.6745569757415144,0.7703218961055132,0.6587701255974231,-0.6658783497907967,-0.5194581374517239,-0.5236227742089596,-0.8474098505381595,-0.5425425265413873,-0.865744627854806,-0.9699461529500085,-1.1919158342904568,-0.7680638121490097,0.0,-0.5226481412419741,-0.5264532585105458,0.5438834786645296,0.6050388696891038,-0.4299792533258899,0.025085199476739758,-0.6463458449486755,0.17640833021285843,-0.1481040512058606,-0.6208494385529931,-0.6695154041717419,-0.7447232506895506,-0.9178692289062274,-0.6267329040653519,-0.3928899025230614,-0.6820877564093604,-1.3038622042798131,-0.4700512103344496,0.0
-0.5895285407831399,-0.6348864196981687,0.9743551860620027,1.2121463191458264,1.1400204598866808,1.7751410866555057,-0.5539237480220043,-0.27561522237572655,-0.11525583385706874,-0.5457539784578681,-0.5092588181010318,-0.37732465206194116,-0.8907033338732296,-0.5374944002091332,-1.3795588979787907,-0.994693919334941,-0.25851504589681307,-0.02088276851672582,0.0,-0.2410500904140369,0.0912754643305868,1.1591440545593352,0.8961058361001217,0.5221589886031104,1.5093262293309504,0.07168004592645165,0.7312843582209366,0.7011461646442216,-0.04282883767426728,-0.4985626990200275,-0.19805465347879286,-0.4564170788626683,-0.5243781142215884,0.056972956922754885,-0.2937720311353546,0.9072428071264559,-0.20006596546060484,0.0
-0.32164729089072275,0.8698041229440484,0.6107020747378523,0.7132509975443223,1.2688314260333369,0.5263980931191592,-0.3226951150063105,0.5579494421282479,0.8037680445828961,-0.2735411663156116,-0.30874335505184847,-0.35712405355644966,0.5358751030724771,-0.3011551444381787,0.7286464458948047,0.5515752174581166,0.5122435495989424,-0.4317485947852863,0.0,-0.39906487116770145,0.818034632351296,-0.04651551279541317,0.014394709556168919,0.20306540009814453,-0.4547856877561791,-0.33474064210479876,-0.6329261381607821,-0.47253591842034715,-0.4141061822216812,-0.2441704238685911,-0.309322305363048,1.3917195823880013,-0.0884731058651874,0.7846034879726987,0.8181547001633457,-0.04955981694037753,-0.3595634708703401,0.0
-0.5363974802601056,-0.7759952545817781,0.9068746361772148,0.816061856538616,0.049851084502376,0.47586448490248134,-0.48029510765430355,0.7104574030619728,0.6159720950211618,-0.49396313470635084,-0.47294404410716645,-0.48046149542197875,-0.6611274739461573,-0.5109501287612771,-0.5279293046213447,-0.5904804017143769,0.08441188285737845,-0.4241240782088874,0.0,-0.34268418855464844,1.0659214803583614,-0.0058714890947370564,-0.17601088128860393,1.2305416125605497,0.15072280315028208,-0.1311120370576293,0.2744582608869818,0.11408847602797376,-0.25160088497812294,-0.4954109804159771,-0.4490507069711101,-0.6078538858103091,-0.48013379010399193,1.1878841913109932,1.2936214395121144,1.144312930984311,-0.11550483360371756,0.0
3.33326882872431,0.6888320422058197,-1.923646723718788,-1.8063905068496415,-0.9758744026308603,-0.8471358148140297,2.408510736769007,0.30831261731220383,0.40944244560316495,2.5800152243426986,0.3169417325771849,1.7306661222980901,1.9000396098014039,4.460273301324229,0.6323400382716707,0.8830518217038358,1.2912720871064542,2.2450949693303737,0.0,1.4865868223254868,-0.9718542260526514,-0.9175194862556498,-0.7195479245895143,-0.9961711001332509,-0.8535571747544576,3.707660434842572,-0.9058693452975265,-0.9495343470683585,2.731998435590869,0.9397546065335545,0.786690157348961,0.9188985744128866,4.277010376967835,-0.2669455545286422,-0.5129375123430718,-1.0458741283168531,4.488587837246451,0.0
-0.33549495651764416,-0.7687046314461248,-1.5047822533979933,-1.5776551066929954,-1.090475453012977,0.13635826167933593,-0.45057620919338687,-0.48377942038142635,-0.4066387237364361,-0.42371531878482893,-0.25344058525132623,-0.4557156472050952,-0.71189063756548,-0.4683261279796008,-0.8712825839733874,-0.7614193214108816,0.45380262604919247,-0.6178110036816129,0.0,-0.26749921030185975,-0.7869332886356148,-0.6487937596167255,-0.6821545015567918,-0.9903857610991156,-0.478195624504358,-0.49637130763695536,-0.5655066074341035,-0.6420746505312958,-0.39879138935055164,-0.35339678244690725,-0.588749064202103,-0.6901663333344116,-0.39838898901211556,-0.9324665441018873,-0.35452015178352697,1.47512646983171,-0.5234354878162721,0.0
-0.4160736745774262,0.10087856352411557,0.6786581746570632,0.5707166241746181,0.5094074413631029,0.43830822829465443,-0.38247880344875773,0.31223192811019396,0.3363672476337681,-0.38746809228359147,-0.5168595847509107,-0.40955622649149975,-0.5036673679443665,-0.45478862531236447,-0.08908005024888768,-0.21524687719384972,-1.1919158342904568,-0.1897065802319313,0.0,-0.3981050318866527,-0.3461719145054083,-0.5695421559916053,-0.5905191246536178,-0.313758220284596,-0.01014956889607181,-0.4320058969457016,-0.10790127991415852,-0.2130930937653812,-0.4095843853930457,-0.3033180915841301,-0.321199292399162,-0.8588640046416167,-0.5069341653874672,-0.564553774104493,-0.07825573031993072,0.7298275837164924,-0.47609632226839693,0.0
-0.30106756195902257,0.010804090590078712,0.761451435650309,0.7400668712284787,0.5072567514095512,-0.9509893539488938,-0.2523014945159304,-0.5952301834605893,-0.6833402810998306,-0.23939208064941875,-0.10629753856777521,0.028721891602788232,0.15475745037094812,-0.3283603115350012,0.06679315367410879,0.19886574698068749,0.2553240177670238,0.07891902719792039,0.0,-0.3372404028340576,-0.28618859968017046,-0.4737444466845791,-0.419454959515423,0.20357965245673404,-0.0844533667420169,-0.2822961428904694,-0.40148071110937184,-0.3032017621482146,-0.3000468660195212,-0.2164402831072622,-0.10351539357713978,0.07291715933044793,-0.2882103894660329,-0.7892695456972743,-0.25406036216040073,1.3728609262067528,1.1627253819805834,0.0
-0.5128695366361081,1.6804743793503818,1.4130500928182836,1.3108547497033651,2.6249950624587086,0.926230078886685,-0.447254337722569,-2.445393912625335,-3.431678248888514,-0.3845284727217332,0.2956800031573163,-0.13627503234193902,0.7796703067398729,-0.4017670296024947,1.1000947221411135,1.1686912586452884,0.655589211136064,-0.5279760129140643,0.0,-0.4690722524179465,2.0130613354441738,1.6276109749172485,1.1671436816683303,2.507430218939002,-0.1781233264230629,-0.2656628447727205,-0.1348399396670619,1.0779710477711293,-0.08554520353261298,-0.011304511356676802,-0.24988510659475482,2.813284558748972,-0.09127388281261394,1.582969885704443,2.57276649584589,1.477450686732277,-0.42440311425506294,0.0
-0.43142389824296073,-0.8787695226553398,-0.4423083664875503,-0.5044698335608361,-1.2075344347705816,0.15457531976115896,-0.46341211728558546,0.9825987845584442,0.7739175316370814,-0.48884456002596044,-0.34463122395915163,-0.41063236457012403,-0.768160850047244,-0.49055177841982234,-0.4856517371794922,-0.7590521437566707,-0.0297133169048685,-0.5678014913644549,0.0,-0.4931223276146592,-0.28353740344479994,0.49713012363514897,0.49646900005616845,-0.20782223441509906,-0.589892096485991,-0.32652858453036115,-0.47928711955731457,-0.6265777130766382,-0.4010651826227457,-0.5203755815326452,-0.6245002127302688,-0.7419606359109744,-0.4920100436893871,0.3256829870615317,-0.5676752182274671,1.0133820455856917,-0.323422163421041,0.0
1.18313812844088,1.5755834787535663,-0.6250146897133099,-0.5004674643542456,0.38021242343902734,-0.03655906239519897,1.5331506942489836,-0.5097732430003395,-0.6584277409407359,1.3673605341849742,1.7354452492243442,1.939881170501421,1.417695865015186,1.6676620815777852,1.8660886038112285,1.85395332321126,1.348610351721303,1.7738745825579545,0.0,0.9277465040345123,-1.2833697837085865,-0.9557876588840545,-1.126061711995808,-0.8156685222682335,-0.7680716952343329,0.828805527738838,-0.8682467949091569,-0.9665116003753181,0.6607747840621055,0.2683513421703097,0.8956507678015464,0.11608901347577512,2.984430910581585,-1.1701218035023147,-0.9516977900987746,-0.9916424006369522,0.03503608844328486,0.0
-0.6338884616031988,-0.4388627299056888,1.686919357643153,1.739708610189537,0.8453759362500862,2.1384891376954562,-0.6444268955795235,-1.1360416693196265,-1.0165166088129631,-0.6269642519344714,-0.46350572947599833,-0.46008505099854097,-0.5407620752233807,-0.5373088407694824,-0.4691729409242015,-0.5143003208424978,0.19578043528237313,-0.7102479623075002,0.0,-0.540085716320107,0.3935118351627285,0.4141450397535994,0.46672618541405103,0.8638796808860265,1.068126269211153,-0.586738622946496,1.3245765715867426,1.2143379982166727,-0.5561731297312453,-0.6875786135625448,-0.7354584261148623,-0.042953644588059586,-0.6013109501763905,0.7518234521933309,0.45731515666660544,0.7809603555289708,-0.6583472075787542,0.0
0.7582829718535927,0.9792810606745814,-0.5334713080866605,-0.5482957763730022,-0.07412082924878823,-0.4291487239240316,0.6316245893834291,0.09927258938348787,0.10829409835384672,0.6060273526628854,-0.33084033355412124,-0.27281164403494446,1.2272698174331171,0.9261308811441535,1.0860472236939804,0.9685571478801822,0.89762284734682,0.7883118812766131,0.0,0.05473305152825028,0.6251601062281549,-1.1022419071249085,-0.9464873195467167,0.2791747491694336,-0.7186822170892201,1.793344630404292,-0.7736951687672075,-0.7718049574604665,1.8855369817285166,0.6108920791488637,-0.044922044103663655,1.3292334437567062,2.5062365301640765,0.7117110399896291,0.8054898976253874,-0.4903862890812908,1.1381077886831277,0.0
0.6723649967873822,-0.2577730584717236,0.28128856589224105,0.17318130273001725,-0.1837292065244455,-0.07283047052349749,0.9390226758375168,0.7082622067530011,0.6232082224404621,0.7150478414446296,0.2636992438465931,0.267579764969566,-0.6349619954883239,-0.1212129221629852,-0.21645304097625848,-0.3250695738179995,0.8915582232048647,1.2378244649018948,0.0,0.38447243903802936,-0.3358985290933513,-0.8928276054688085,-0.8874314997226277,-0.6118960251770282,-0.639140655536181,0.9208124640582652,-0.721158865998734,-0.7929423430424791,0.526788614155046,0.4332373004438719,0.977634203763736,-0.5853993268956841,0.5829140922646562,-0.3954778000845891,-0.2806779132571269,-0.8498651697023524,1.108462723288012,0.0
-0.3847780998370612,0.44929979499089356,-0.029198051583288434,-0.09938004023879583,0.15077989160834215,-0.5679374203838736,-0.41542115840623295,0.4171988514383503,0.5230770131642756,-0.4119517896446776,-0.4450003220280639,-0.45991313440055287,0.6564458297880811,-0.31264566656217896,0.47646683434867376,0.5707278366603686,0.6748857424968305,-0.39014585867321466,0.0,-0.5242027538022889,-0.2822118053271158,-1.0290996348284918,-0.9859438279881411,-0.7593578890026519,-0.2922249797601511,-0.5878663016855183,-0.5565941621818411,-0.5266468631158694,-0.5514450151765885,-0.31948777833534514,-0.3918797883971434,0.512193649408638,-0.33656720526260175,-0.3946151675640814,-0.10680520044787013,-0.6251908693141888,-0.3501515368643648,0.0
-0.3416739607973845,0.03373427625866521,0.5790779974486459,0.4265813031222779,0.27782421957886544,0.324377853996695,-0.2877480535875374,-0.2720792979753597,-0.16024153086242082,-0.31168853865734925,-0.35665881074577294,-0.40195600131121584,-0.420229372210152,-0.4133277279790852,0.04112945458800001,-0.061021666389197905,0.2663506071160332,-0.11289932582071462,0.0,-0.2461935458201353,-0.5238020622751764,-0.6623700514582875,-0.567223451913695,-0.39063894789377157,-0.340893189139927,-0.176353256746011,-0.27320199956693836,-0.3660929493668332,-0.1422739816165785,-0.5016396733093573,-0.24801008967696236,-0.5392894532848979,-0.33086843601258115,-1.1097375270666345,-0.3622478279083827,1.0590916446301797,-0.34612134733419003,0.0
4.041317753132548,0.5954650297911654,-1.1041313493956444,-0.847122667260065,-0.3497931950808372,-0.3491606758415743,4.50838180193467,0.39578036883447465,0.47386386751156623,4.510313884190617,0.9832477672471454,0.2711651809331666,0.7975219787207187,3.678547413344942,0.7004163769000848,0.6836350375006115,1.5696934681689414,3.727315161853017,0.0,2.222384771005165,-0.7097171982804743,-1.182426880814137,-1.1638849444886752,-1.0184125146422587,-0.7623359771300244,1.5653855493094855,-0.7623733520111683,-0.7313268958373467,3.1707975542647384,3.587983049240464,2.723445606290268,0.27562134145051975,0.7186205719610966,-0.6378775383478196,-0.38908003667524327,-1.0799626428585052,1.9887164207779826,0.0
-0.642615027515921,-1.3150310038371644,-1.0733157071649595,-1.1277888078722234,-1.8825438387639077,-0.8173688851529084,-0.6873057949131871,0.794941823774586,0.6128580275012749,-0.6778176499975335,-0.5301400451611384,-0.5550560948992755,-0.9768489214061951,-0.5480285391021472,-1.0520090543797733,-1.0453371746038174,-1.1919158342904568,-0.7953811005621141,0.0,-0.582526085705188,-0.48867371215652783,1.8668082668007748,2.157682563521305,0.1056145781453795,0.13324169434738356,-0.7361199996049538,0.515795315488631,0.12630076414511957,-0.7474210651811589,-0.7136892941715949,-0.7949753910317006,-0.6231887506702891,-0.6638990012586384,-0.2630637081863484,-0.14415563505134027,0.49353219882549293,-0.720681006267817,0.0
-0.6357500842080676,-1.0853763750640908,0.7269265031511155,0.8182631596022398,-0.6764676369542573,-1.04198937752185,-0.6674077767237699,1.4768844759704283,1.017759897282718,-0.6559674880995967,-0.4966372764113674,-0.5164312514032401,-0.8023335118461097,-0.5432652220519743,-0.9771791107286986,-0.9647096690482693,-1.1919158342904568,-0.7503216406607041,0.0,-0.5651476357203831,-0.23415887356103957,1.398086790970832,1.2372026236721638,0.23404910470317947,1.000142872726507,-0.6849935629069345,1.499772005529054,0.9220486801865919,-0.667631982928344,-0.6921629315320725,-0.7068129053304951,-0.7441992790036766,-0.6412999452992398,-0.15178411304059547,-0.6333604652887416,0.3261885819846542,-0.6757784800184992,0.0
-0.22066852264266926,-0.5993740295857939,-0.7219793417323949,-0.7975433187134252,-0.7689473049569844,-0.462611310644531,-0.3192088819443104,0.22373263107525654,0.267629986515218,-0.3002583684365838,-0.5367663545482122,-0.40878894712129643,-0.5402425193541226,-0.4069988370806231,-0.5696665836613846,-0.5706104559502427,0.47420181634485975,-0.4481579989010703,0.0,-0.4457847651270944,0.8286394172927747,0.6692944745509628,0.7280503371829514,-0.16783911353474273,-0.726199390206912,-0.3575736870101577,-0.7529286157163634,-0.8923623887349001,-0.2250331794669098,-0.5801585759233088,-0.46965111419914124,0.11265483065058976,-0.12340804653115472,1.3427267287424864,-0.02051281705364719,1.1822751403602418,0.1772008002834118,0.0
-0.2191428425735976,-0.4185195395433016,0.3467718056324474,0.25282844994116804,-0.1536195471747202,-0.28254501100088103,-0.19040958463156366,0.20116398927851112,0.24184883909484484,-0.22709719759533703,-0.5522834263902114,-0.47097220542272294,-0.6748540305036953,-0.4213686237093876,-0.3474729784158654,-0.5138699249053685,0.1985370826196254,-0.022055045367189306,0.0,0.005537703129476336,-0.4853597168623152,-0.40509932106068075,-0.49157698692795965,-0.46507697679964316,-0.3439031220939728,-0.08712465630805293,-0.4533279850734199,-0.5924135479943673,-0.09470914919673,-0.5340413337407214,-0.3210481958197869,-0.866591208735732,-0.39179963476699803,-0.7513137147948479,-0.7344642279222723,0.9483039723698098,-0.3854213109713672,0.0
-0.36851851351271026,1.4850386430365836,-1.452043754580355,-1.536830940785772,-0.6050340063541443,-0.3398869932537619,-0.43313024881542445,0.5291229449380392,0.6764142417854281,-0.4510992387445732,-0.3556286702108078,-0.2601112677468384,1.7021849475336472,-0.11888263896905894,1.6598335064191871,1.9045248458239479,0.7344293249814813,-0.518242055239348,0.0,-0.45142882137657525,0.16186356409730449,-1.5741029004432106,-1.5067869317933291,-0.8934491915049392,-0.6529820657697678,-0.580107019283427,-0.7943694626102913,-0.7607845459694658,-0.6021905792059336,-0.5250720159742539,-0.41709937302371025,1.4172782227378722,-0.4387243837353332,-0.04869952683968414,0.07028737741341001,-0.4012913078928814,-0.7095966178153527,0.0
0.5497802180023424,1.8239350281487177,-0.5667122554929087,-0.2569733277482962,0.6148680594426245,-0.033119788108953836,1.0178248434513506,-0.10518366627804344,-0.13222852173156108,0.9934136510959167,0.090858367061071,-0.39090151449566357,1.6049613824558082,1.09134879883117,1.9768477261828552,1.924681722212835,1.2769375209527423,0.9605819847920812,0.0,-0.38539414320569093,-1.0182501601716185,-1.202621614928461,-1.294804906049213,-1.0580099462536727,-0.6707791101725183,0.20005439603100902,-0.3653164735514731,-0.12748636449388362,0.42730908392506434,1.067368066533129,0.9626221497860393,-0.07211242328292078,0.7679131176142668,-1.1062869969845974,-0.6621245930868165,-0.849865169702352,-0.281548966472527,0.0
